t, n, Tsim, raw
0.03, 1000,10.0,
0.06, 1000,6.0,
0.089999996, 1000,6.0,
0.12, 1000,5.0,
0.14999999, 1000,3.0,
0.17999999, 1000,8.0,
0.21, 1000,2.0,
0.24, 1000,2.0,
0.26999998, 1000,2.0,
0.29999998, 1000,3.0,
0.32999998, 1000,2.0,
0.35999998, 1000,2.0,
0.39, 1000,2.0,
0.42, 1000,2.0,
0.45, 1000,2.0,
0.48, 1000,3.0,
0.51, 1000,2.0,
0.53999996, 1000,2.0,
0.56999993, 1000,2.0,
0.5999999, 1000,2.0,
0.6299999, 1000,2.0,
0.65999985, 1000,2.0,
0.6899998, 1000,2.0,
0.7199998, 1000,2.0,
0.74999976, 1000,2.0,
0.77999973, 1000,2.0,
0.8099997, 1000,2.0,
0.8399997, 1000,2.0,
0.86999965, 1100,3.0,
0.8999996, 1100,2.0,
0.9299996, 1100,2.0,
0.95999956, 1100,2.0,
0.98999953, 1100,2.0,
1.0199995, 1100,2.0,
1.0499995, 1100,2.0,
1.0799994, 1100,2.0,
1.1099994, 1100,2.0,
1.1399994, 1100,2.0,
1.1699994, 1100,2.0,
1.1999993, 1100,2.0,
1.2299993, 1100,3.0,
1.2599993, 1100,3.0,
1.2899992, 1100,3.0,
1.3199992, 1100,3.0,
1.3499992, 1100,3.0,
1.3799992, 1100,2.0,
1.4099991, 1100,3.0,
1.4399991, 1100,3.0,
1.4699991, 1100,2.0,
1.499999, 1200,3.0,
1.529999, 1200,2.0,
1.559999, 1200,3.0,
1.589999, 1200,2.0,
1.6199989, 1200,3.0,
1.6499989, 1200,3.0,
1.6799989, 1200,3.0,
1.7099988, 1200,3.0,
1.7399988, 1200,3.0,
1.7699988, 1200,2.0,
1.7999988, 1200,2.0,
1.8299987, 1200,2.0,
1.8599987, 1200,2.0,
1.8899987, 1200,2.0,
1.9199986, 1200,3.0,
1.9499986, 1200,4.0,
1.9799986, 1200,3.0,
2.0099986, 1200,2.0,
2.0399985, 1300,3.0,
2.0699985, 1300,2.0,
2.0999985, 1300,2.0,
2.1299984, 1300,3.0,
2.1599984, 1300,2.0,
2.1899984, 1300,2.0,
2.2199984, 1300,2.0,
2.2499983, 1300,3.0,
2.2799983, 1300,2.0,
2.3099983, 1300,2.0,
2.3399982, 1300,3.0,
2.3699982, 1300,3.0,
2.3999982, 1300,2.0,
2.4299982, 1300,2.0,
2.4599981, 1300,2.0,
2.489998, 1300,2.0,
2.519998, 1400,2.0,
2.549998, 1400,2.0,
2.579998, 1400,3.0,
2.609998, 1400,3.0,
2.639998, 1400,3.0,
2.669998, 1400,2.0,
2.699998, 1400,2.0,
2.7299979, 1400,3.0,
2.7599978, 1400,3.0,
2.7899978, 1400,3.0,
2.8199978, 1400,3.0,
2.8499978, 1400,3.0,
2.8799977, 1400,3.0,
2.9099977, 1400,3.0,
2.9399977, 1400,2.0,
2.9699976, 1400,2.0,
2.9999976, 1400,2.0,
3.0299976, 1500,3.0,
3.0599976, 1500,6.0,
3.0899975, 1500,2.0,
3.1199975, 1500,3.0,
3.1499975, 1500,2.0,
3.1799974, 1500,2.0,
3.2099974, 1500,3.0,
3.2399974, 1500,2.0,
3.2699974, 1500,2.0,
3.2999973, 1500,2.0,
3.3299973, 1500,2.0,
3.3599973, 1500,3.0,
3.3899972, 1500,2.0,
3.4199972, 1500,2.0,
3.4499972, 1500,2.0,
3.4799972, 1500,2.0,
3.5099971, 1500,3.0,
3.539997, 1500,3.0,
3.569997, 1500,2.0,
3.599997, 1600,2.0,
3.629997, 1600,2.0,
3.659997, 1600,3.0,
3.689997, 1600,3.0,
3.719997, 1600,3.0,
3.749997, 1600,2.0,
3.7799969, 1600,2.0,
3.8099968, 1600,3.0,
3.8399968, 1600,2.0,
3.8699968, 1600,2.0,
3.8999968, 1600,2.0,
3.9299967, 1600,3.0,
3.9599967, 1600,2.0,
3.9899967, 1600,2.0,
4.0199966, 1600,2.0,
4.049997, 1600,2.0,
4.079997, 1600,2.0,
4.1099973, 1700,2.0,
4.1399975, 1700,2.0,
4.1699977, 1700,3.0,
4.199998, 1700,2.0,
4.229998, 1700,2.0,
4.2599983, 1700,2.0,
4.2899985, 1700,4.0,
4.3199987, 1700,3.0,
4.349999, 1700,4.0,
4.379999, 1700,3.0,
4.4099994, 1700,2.0,
4.4399996, 1700,2.0,
4.47, 1700,3.0,
4.5, 1700,3.0,
4.53, 1700,3.0,
4.5600004, 1700,2.0,
4.5900006, 1700,3.0,
4.620001, 1800,3.0,
4.650001, 1800,3.0,
4.6800013, 1800,2.0,
4.7100015, 1800,3.0,
4.7400017, 1800,4.0,
4.770002, 1800,2.0,
4.800002, 1800,2.0,
4.8300023, 1800,3.0,
4.8600025, 1800,2.0,
4.8900027, 1800,3.0,
4.920003, 1800,2.0,
4.950003, 1800,3.0,
4.9800034, 1800,3.0,
5.0100036, 1800,3.0,
5.040004, 1800,3.0,
5.070004, 1800,3.0,
5.100004, 1800,2.0,
5.1300044, 1900,3.0,
5.1600046, 1900,6.0,
5.190005, 1900,3.0,
5.220005, 1900,3.0,
5.2500052, 1900,3.0,
5.2800055, 1900,2.0,
5.3100057, 1900,3.0,
5.340006, 1900,3.0,
5.370006, 1900,2.0,
5.4000063, 1900,3.0,
5.4300065, 1900,2.0,
5.4600067, 1900,4.0,
5.490007, 1900,3.0,
5.520007, 1900,3.0,
5.5500073, 1900,3.0,
5.5800076, 1900,2.0,
5.610008, 1900,3.0,
5.640008, 1900,3.0,
5.670008, 1900,3.0,
5.7000084, 2000,4.0,
5.7300086, 2000,3.0,
5.760009, 2000,3.0,
5.790009, 2000,3.0,
5.820009, 2000,3.0,
5.8500094, 2000,3.0,
5.8800097, 2000,3.0,
5.91001, 2000,3.0,
5.94001, 2000,2.0,
5.9700103, 2000,3.0,
6.0000105, 2000,3.0,
6.0300107, 2000,2.0,
6.060011, 2000,3.0,
6.090011, 2000,2.0,
6.1200113, 2000,2.0,
6.1500115, 2000,3.0,
6.1800117, 2000,2.0,
6.210012, 2100,3.0,
6.240012, 2100,3.0,
6.2700124, 2100,3.0,
6.3000126, 2100,3.0,
6.330013, 2100,3.0,
6.360013, 2100,3.0,
6.390013, 2100,4.0,
6.4200134, 2100,3.0,
6.4500136, 2100,3.0,
6.480014, 2100,3.0,
6.510014, 2100,3.0,
6.5400143, 2100,3.0,
6.5700145, 2100,3.0,
6.6000147, 2100,3.0,
6.630015, 2100,3.0,
6.660015, 2100,3.0,
6.6900153, 2100,3.0,
6.7200155, 2100,3.0,
6.7500157, 2100,2.0,
6.780016, 2100,3.0,
6.810016, 2100,3.0,
6.8400164, 2200,3.0,
6.8700166, 2200,4.0,
6.900017, 2200,6.0,
6.930017, 2200,3.0,
6.960017, 2200,4.0,
6.9900174, 2200,3.0,
7.0200176, 2200,4.0,
7.050018, 2200,4.0,
7.080018, 2200,3.0,
7.1100183, 2200,3.0,
7.1400185, 2200,3.0,
7.1700187, 2200,3.0,
7.200019, 2200,4.0,
7.230019, 2200,3.0,
7.2600193, 2200,3.0,
7.2900195, 2200,3.0,
7.3200197, 2300,3.0,
7.35002, 2300,3.0,
7.38002, 2300,4.0,
7.4100204, 2300,3.0,
7.4400206, 2300,4.0,
7.470021, 2300,3.0,
7.500021, 2300,3.0,
7.530021, 2300,4.0,
7.5600214, 2300,3.0,
7.5900216, 2300,3.0,
7.620022, 2300,4.0,
7.650022, 2300,3.0,
7.6800222, 2300,4.0,
7.7100224, 2300,3.0,
7.7400227, 2300,3.0,
7.770023, 2300,3.0,
7.800023, 2300,3.0,
7.8300233, 2300,3.0,
7.8600235, 2400,4.0,
7.8900237, 2400,4.0,
7.920024, 2400,4.0,
7.950024, 2400,4.0,
7.9800243, 2400,3.0,
8.010024, 2400,3.0,
8.040024, 2400,4.0,
8.070024, 2400,3.0,
8.100023, 2400,4.0,
8.130023, 2400,4.0,
8.160023, 2400,3.0,
8.190022, 2400,3.0,
8.220022, 2400,4.0,
8.250022, 2400,4.0,
8.280022, 2400,3.0,
8.310021, 2400,4.0,
8.340021, 2400,4.0,
8.370021, 2400,4.0,
8.400021, 2500,8.0,
8.43002, 2500,5.0,
8.46002, 2500,4.0,
8.49002, 2500,3.0,
8.52002, 2500,4.0,
8.550019, 2500,4.0,
8.580019, 2500,4.0,
8.610019, 2500,3.0,
8.640018, 2500,4.0,
8.670018, 2500,4.0,
8.700018, 2500,4.0,
8.730018, 2500,5.0,
8.760017, 2500,4.0,
8.790017, 2500,4.0,
8.820017, 2500,5.0,
8.850017, 2600,4.0,
8.880016, 2600,4.0,
8.910016, 2600,3.0,
8.940016, 2600,5.0,
8.970016, 2600,4.0,
9.000015, 2600,4.0,
9.030015, 2600,5.0,
9.060015, 2600,4.0,
9.090014, 2600,3.0,
9.120014, 2600,4.0,
9.150014, 2600,5.0,
9.180014, 2600,4.0,
9.210013, 2600,4.0,
9.240013, 2600,4.0,
9.270013, 2600,4.0,
9.300013, 2600,4.0,
9.330012, 2600,3.0,
9.360012, 2700,5.0,
9.390012, 2700,4.0,
9.4200115, 2700,4.0,
9.450011, 2700,4.0,
9.480011, 2700,5.0,
9.510011, 2700,4.0,
9.54001, 2700,4.0,
9.57001, 2700,5.0,
9.60001, 2700,4.0,
9.63001, 2700,4.0,
9.660009, 2700,4.0,
9.690009, 2700,4.0,
9.720009, 2700,7.0,
9.750009, 2800,4.0,
9.780008, 2800,4.0,
9.810008, 2800,4.0,
9.840008, 2800,4.0,
9.8700075, 2800,5.0,
9.900007, 2800,4.0,
9.930007, 2800,4.0,
9.960007, 2800,4.0,
9.990006, 2800,4.0,
10.020006, 2800,5.0,
10.050006, 2800,4.0,
10.080006, 2800,4.0,
10.110005, 2800,4.0,
10.140005, 2800,5.0,
10.170005, 2900,4.0,
10.200005, 2900,4.0,
10.230004, 2900,4.0,
10.260004, 2900,4.0,
10.290004, 2900,5.0,
10.3200035, 2900,4.0,
10.350003, 2900,4.0,
10.380003, 2900,4.0,
10.410003, 2900,5.0,
10.440002, 2900,5.0,
10.470002, 2900,5.0,
10.500002, 2900,5.0,
10.530002, 2900,4.0,
10.560001, 2900,4.0,
10.590001, 3000,4.0,
10.620001, 3000,5.0,
10.650001, 3000,5.0,
10.68, 3000,5.0,
10.71, 3000,4.0,
10.74, 3000,4.0,
10.7699995, 3000,5.0,
10.799999, 3000,5.0,
10.829999, 3000,5.0,
10.859999, 3000,5.0,
10.889998, 3000,4.0,
10.919998, 3000,5.0,
10.949998, 3000,7.0,
10.979998, 3000,5.0,
11.009997, 3100,5.0,
11.039997, 3100,5.0,
11.069997, 3100,5.0,
11.099997, 3100,4.0,
11.129996, 3100,3.0,
11.159996, 3100,4.0,
11.189996, 3100,5.0,
11.2199955, 3100,5.0,
11.249995, 3100,5.0,
11.279995, 3100,5.0,
11.309995, 3100,5.0,
11.339994, 3200,5.0,
11.369994, 3200,6.0,
11.399994, 3200,5.0,
11.429994, 3200,5.0,
11.459993, 3200,5.0,
11.489993, 3200,4.0,
11.519993, 3200,5.0,
11.549993, 3200,6.0,
11.579992, 3200,6.0,
11.609992, 3200,4.0,
11.639992, 3200,4.0,
11.6699915, 3200,5.0,
11.699991, 3200,5.0,
11.729991, 3200,5.0,
11.759991, 3300,6.0,
11.78999, 3300,5.0,
11.81999, 3300,5.0,
11.84999, 3300,5.0,
11.87999, 3300,5.0,
11.909989, 3300,5.0,
11.939989, 3300,4.0,
11.969989, 3300,3.0,
11.999989, 3300,4.0,
12.029988, 3300,8.0,
12.059988, 3300,5.0,
12.089988, 3300,5.0,
12.1199875, 3400,6.0,
12.149987, 3400,6.0,
12.179987, 3400,6.0,
12.209987, 3400,6.0,
12.239986, 3400,6.0,
12.269986, 3400,6.0,
12.299986, 3400,5.0,
12.329986, 3400,5.0,
12.359985, 3400,5.0,
12.389985, 3400,5.0,
12.419985, 3400,5.0,
12.449985, 3500,5.0,
12.479984, 3500,5.0,
12.509984, 3500,6.0,
12.539984, 3500,6.0,
12.5699835, 3500,6.0,
12.599983, 3500,6.0,
12.629983, 3500,5.0,
12.659983, 3500,5.0,
12.689982, 3500,6.0,
12.719982, 3500,6.0,
12.749982, 3500,6.0,
12.779982, 3600,5.0,
12.809981, 3600,6.0,
12.839981, 3600,6.0,
12.869981, 3600,6.0,
12.899981, 3600,5.0,
12.92998, 3600,6.0,
12.95998, 3600,6.0,
12.98998, 3600,6.0,
13.0199795, 3600,9.0,
13.049979, 3600,6.0,
13.079979, 3600,5.0,
13.109979, 3600,5.0,
13.139978, 3700,5.0,
13.169978, 3700,5.0,
13.199978, 3700,6.0,
13.229978, 3700,6.0,
13.259977, 3700,6.0,
13.289977, 3700,6.0,
13.319977, 3700,5.0,
13.349977, 3700,6.0,
13.379976, 3700,6.0,
13.409976, 3700,6.0,
13.439976, 3700,6.0,
13.469975, 3800,7.0,
13.499975, 3800,7.0,
13.529975, 3800,7.0,
13.559975, 3800,6.0,
13.589974, 3800,6.0,
13.619974, 3800,6.0,
13.649974, 3800,6.0,
13.679974, 3800,6.0,
13.709973, 3800,7.0,
13.739973, 3800,7.0,
13.769973, 3800,7.0,
13.799973, 3900,6.0,
13.829972, 3900,7.0,
13.859972, 3900,7.0,
13.889972, 3900,6.0,
13.919971, 3900,9.0,
13.949971, 3900,7.0,
13.979971, 3900,7.0,
14.009971, 3900,6.0,
14.03997, 3900,7.0,
14.06997, 4000,6.0,
14.09997, 4000,7.0,
14.12997, 4000,7.0,
14.159969, 4000,8.0,
14.189969, 4000,6.0,
14.219969, 4000,7.0,
14.249969, 4000,6.0,
14.279968, 4000,6.0,
14.309968, 4000,8.0,
14.339968, 4100,8.0,
14.369967, 4100,6.0,
14.399967, 4100,7.0,
14.429967, 4100,7.0,
14.459967, 4100,8.0,
14.489966, 4100,8.0,
14.519966, 4100,6.0,
14.549966, 4100,7.0,
14.579966, 4100,6.0,
14.609965, 4200,8.0,
14.639965, 4200,8.0,
14.669965, 4200,7.0,
14.699965, 4200,6.0,
14.729964, 4200,7.0,
14.759964, 4200,11.0,
14.789964, 4200,6.0,
14.819963, 4200,7.0,
14.849963, 4200,8.0,
14.879963, 4300,7.0,
14.909963, 4300,7.0,
14.939962, 4300,7.0,
14.969962, 4300,8.0,
14.999962, 4300,6.0,
15.029962, 4300,7.0,
15.059961, 4300,8.0,
15.089961, 4300,8.0,
15.119961, 4400,7.0,
15.1499605, 4400,7.0,
15.17996, 4400,8.0,
15.20996, 4400,7.0,
15.23996, 4400,7.0,
15.269959, 4400,7.0,
15.299959, 4400,8.0,
15.329959, 4400,7.0,
15.359959, 4500,8.0,
15.389958, 4500,9.0,
15.419958, 4500,7.0,
15.449958, 4500,7.0,
15.479958, 4500,9.0,
15.509957, 4500,7.0,
15.539957, 4500,11.0,
15.569957, 4500,7.0,
15.5999565, 4600,7.0,
15.629956, 4600,8.0,
15.659956, 4600,9.0,
15.689956, 4600,8.0,
15.719955, 4600,7.0,
15.749955, 4600,8.0,
15.779955, 4600,8.0,
15.809955, 4600,7.0,
15.839954, 4700,9.0,
15.869954, 4700,7.0,
15.899954, 4700,9.0,
15.929954, 4700,9.0,
15.959953, 4700,8.0,
15.989953, 4700,11.0,
16.019953, 4700,8.0,
16.049953, 4700,9.0,
16.079954, 4800,8.0,
16.109955, 4800,10.0,
16.139956, 4800,9.0,
16.169956, 4800,8.0,
16.199957, 4800,10.0,
16.229958, 4800,8.0,
16.259958, 4800,12.0,
16.289959, 4900,8.0,
16.31996, 4900,9.0,
16.34996, 4900,9.0,
16.379961, 4900,9.0,
16.409962, 4900,9.0,
16.439962, 4900,9.0,
16.469963, 4900,9.0,
16.499964, 4900,8.0,
16.529964, 5000,9.0,
16.559965, 5000,9.0,
16.589966, 5000,10.0,
16.619967, 5000,8.0,
16.649967, 5000,10.0,
16.679968, 5000,9.0,
16.709969, 5000,10.0,
16.73997, 5000,9.0,
16.76997, 5100,10.0,
16.79997, 5100,9.0,
16.829971, 5100,10.0,
16.859972, 5100,10.0,
16.889973, 5100,10.0,
16.919973, 5100,10.0,
16.949974, 5100,13.0,
16.979975, 5200,10.0,
17.009975, 5200,9.0,
17.039976, 5200,9.0,
17.069977, 5200,11.0,
17.099977, 5200,10.0,
17.129978, 5200,10.0,
17.159979, 5200,9.0,
17.18998, 5300,11.0,
17.21998, 5300,10.0,
17.24998, 5300,10.0,
17.279982, 5300,9.0,
17.309982, 5300,10.0,
17.339983, 5300,11.0,
17.369984, 5300,10.0,
17.399984, 5400,11.0,
17.429985, 5400,10.0,
17.459986, 5400,11.0,
17.489986, 5400,10.0,
17.519987, 5400,10.0,
17.549988, 5400,10.0,
17.579988, 5500,16.0,
17.60999, 5500,9.0,
17.63999, 5500,11.0,
17.66999, 5500,10.0,
17.699991, 5500,9.0,
17.729992, 5500,11.0,
17.759993, 5500,10.0,
17.789993, 5600,10.0,
17.819994, 5600,11.0,
17.849995, 5600,10.0,
17.879995, 5600,10.0,
17.909996, 5600,11.0,
17.939997, 5600,9.0,
17.969997, 5600,11.0,
17.999998, 5700,11.0,
18.029999, 5700,10.0,
18.06, 5700,11.0,
18.09, 5700,10.0,
18.12, 5700,10.0,
18.150002, 5700,10.0,
18.180002, 5700,11.0,
18.210003, 5800,11.0,
18.240004, 5800,12.0,
18.270004, 5800,12.0,
18.300005, 5800,12.0,
18.330006, 5800,10.0,
18.360006, 5800,11.0,
18.390007, 5900,12.0,
18.420008, 5900,12.0,
18.450008, 5900,11.0,
18.48001, 5900,12.0,
18.51001, 5900,12.0,
18.54001, 5900,12.0,
18.570011, 6000,12.0,
18.600012, 6000,11.0,
18.630013, 6000,12.0,
18.660013, 6000,12.0,
18.690014, 6000,11.0,
18.720015, 6000,11.0,
18.750015, 6100,14.0,
18.780016, 6100,13.0,
18.810017, 6100,11.0,
18.840017, 6100,12.0,
18.870018, 6100,13.0,
18.900019, 6100,12.0,
18.93002, 6200,12.0,
18.96002, 6200,12.0,
18.99002, 6200,12.0,
19.020021, 6200,13.0,
19.050022, 6200,13.0,
19.080023, 6200,13.0,
19.110023, 6300,13.0,
19.140024, 6300,14.0,
19.170025, 6300,14.0,
19.200026, 6300,13.0,
19.230026, 6300,13.0,
19.260027, 6300,14.0,
19.290028, 6400,15.0,
19.320028, 6400,14.0,
19.350029, 6400,14.0,
19.38003, 6400,14.0,
19.41003, 6400,14.0,
19.440031, 6400,13.0,
19.470032, 6400,13.0,
19.500032, 6400,13.0,
19.530033, 6400,13.0,
19.560034, 6400,13.0,
19.590034, 6400,14.0,
19.620035, 6500,13.0,
19.650036, 6500,13.0,
19.680037, 6500,13.0,
19.710037, 6500,14.0,
19.740038, 6500,13.0,
19.770039, 6500,14.0,
19.80004, 6600,14.0,
19.83004, 6600,14.0,
19.86004, 6600,13.0,
19.890041, 6600,13.0,
19.920042, 6600,13.0,
19.950043, 6600,14.0,
19.980043, 6700,14.0,
20.010044, 6700,13.0,
20.040045, 6700,14.0,
20.070045, 6700,14.0,
20.100046, 6700,13.0,
20.130047, 6700,14.0,
20.160048, 6800,14.0,
20.190048, 6800,13.0,
20.220049, 6800,14.0,
20.25005, 6800,14.0,
20.28005, 6800,15.0,
20.310051, 6900,15.0,
20.340052, 6900,15.0,
20.370052, 6900,15.0,
20.400053, 6900,14.0,
20.430054, 6900,14.0,
20.460054, 7000,15.0,
20.490055, 7000,15.0,
20.520056, 7000,15.0,
20.550056, 7000,14.0,
20.580057, 7000,15.0,
20.610058, 7000,14.0,
20.640059, 7100,16.0,
20.67006, 7100,15.0,
20.70006, 7100,15.0,
20.73006, 7100,15.0,
20.760061, 7100,15.0,
20.790062, 7100,15.0,
20.820063, 7200,15.0,
20.850063, 7200,16.0,
20.880064, 7200,15.0,
20.910065, 7200,16.0,
20.940065, 7200,15.0,
20.970066, 7300,16.0,
21.000067, 7300,15.0,
21.030067, 7300,15.0,
21.060068, 7300,15.0,
21.090069, 7300,16.0,
21.12007, 7400,16.0,
21.15007, 7400,16.0,
21.18007, 7400,15.0,
21.210072, 7400,16.0,
21.240072, 7400,17.0,
21.270073, 7400,16.0,
21.300074, 7500,20.0,
21.330074, 7500,17.0,
21.360075, 7500,16.0,
21.390076, 7500,19.0,
21.420076, 7500,16.0,
21.450077, 7600,16.0,
21.480078, 7600,17.0,
21.510078, 7600,17.0,
21.54008, 7600,16.0,
21.57008, 7600,17.0,
21.60008, 7700,17.0,
21.630081, 7700,17.0,
21.660082, 7700,20.0,
21.690083, 7700,17.0,
21.720083, 7800,18.0,
21.750084, 7800,17.0,
21.780085, 7800,18.0,
21.810085, 7800,18.0,
21.840086, 7800,18.0,
21.870087, 7900,18.0,
21.900087, 7900,18.0,
21.930088, 7900,17.0,
21.960089, 7900,18.0,
21.99009, 7900,17.0,
22.02009, 8000,18.0,
22.05009, 8000,17.0,
22.080091, 8000,20.0,
22.110092, 8000,19.0,
22.140093, 8100,19.0,
22.170094, 8100,18.0,
22.200094, 8100,19.0,
22.230095, 8100,19.0,
22.260096, 8100,19.0,
22.290096, 8200,19.0,
22.320097, 8200,19.0,
22.350098, 8200,19.0,
22.380098, 8200,18.0,
22.410099, 8200,18.0,
22.4401, 8300,19.0,
22.4701, 8300,20.0,
22.500101, 8300,19.0,
22.530102, 8300,19.0,
22.560102, 8300,19.0,
22.590103, 8400,20.0,
22.620104, 8400,19.0,
22.650105, 8400,20.0,
22.680105, 8400,19.0,
22.710106, 8500,20.0,
22.740107, 8500,19.0,
22.770107, 8500,20.0,
22.800108, 8500,20.0,
22.830109, 8500,20.0,
22.86011, 8600,22.0,
22.89011, 8600,20.0,
22.92011, 8600,19.0,
22.950111, 8600,20.0,
22.980112, 8700,21.0,
23.010113, 8700,21.0,
23.040113, 8700,20.0,
23.070114, 8700,21.0,
23.100115, 8800,21.0,
23.130116, 8800,21.0,
23.160116, 8800,20.0,
23.190117, 8800,30.0,
23.220118, 8900,23.0,
23.250118, 8900,22.0,
23.280119, 8900,21.0,
23.31012, 8900,21.0,
23.34012, 9000,21.0,
23.370121, 9000,21.0,
23.400122, 9000,21.0,
23.430122, 9000,22.0,
23.460123, 9100,22.0,
23.490124, 9100,21.0,
23.520124, 9100,23.0,
23.550125, 9100,23.0,
23.580126, 9100,23.0,
23.610126, 9200,22.0,
23.640127, 9200,22.0,
23.670128, 9200,21.0,
23.700129, 9200,22.0,
23.73013, 9300,23.0,
23.76013, 9300,23.0,
23.79013, 9300,23.0,
23.820131, 9300,23.0,
23.850132, 9400,25.0,
23.880133, 9400,23.0,
23.910133, 9400,24.0,
23.940134, 9400,23.0,
23.970135, 9500,24.0,
24.000135, 9500,23.0,
24.030136, 9500,24.0,
24.060137, 9600,22.0,
24.090137, 9600,24.0,
24.120138, 9600,24.0,
24.150139, 9600,24.0,
24.18014, 9700,24.0,
24.21014, 9700,24.0,
24.24014, 9700,25.0,
24.270142, 9700,24.0,
24.300142, 9800,25.0,
24.330143, 9800,25.0,
24.360144, 9800,24.0,
24.390144, 9800,24.0,
24.420145, 9900,24.0,
24.450146, 9900,25.0,
24.480146, 9900,25.0,
24.510147, 10000,25.0,
24.540148, 10000,26.0,
24.570148, 10000,26.0,
24.60015, 10000,25.0,
24.63015, 10000,25.0,
24.66015, 10000,26.0,
24.690151, 10000,26.0,
24.720152, 10000,25.0,
24.750153, 10000,25.0,
24.780153, 10000,26.0,
24.810154, 10000,24.0,
24.840155, 10000,27.0,
24.870155, 10000,25.0,
24.900156, 10000,26.0,
24.930157, 10000,24.0,
24.960157, 10000,25.0,
24.990158, 10000,26.0,
25.020159, 10000,25.0,
25.05016, 10000,25.0,
25.08016, 10000,25.0,
25.11016, 10000,25.0,
25.140162, 10000,26.0,
25.170162, 10000,27.0,
25.200163, 10000,26.0,
25.230164, 10000,26.0,
25.260164, 10000,25.0,
25.290165, 10000,25.0,
25.320166, 10000,25.0,
25.350166, 10000,25.0,
25.380167, 10000,25.0,
25.410168, 10000,25.0,
25.440168, 10000,27.0,
25.47017, 10000,26.0,
25.50017, 10000,25.0,
25.53017, 10000,26.0,
25.560171, 10000,25.0,
25.590172, 10000,25.0,
25.620173, 10000,25.0,
25.650173, 10000,24.0,
25.680174, 10000,25.0,
25.710175, 10000,25.0,
25.740175, 10000,25.0,
25.770176, 10000,27.0,
25.800177, 10000,26.0,
25.830177, 10000,25.0,
25.860178, 10000,25.0,
25.890179, 10000,26.0,
25.92018, 10000,25.0,
25.95018, 10000,27.0,
25.98018, 10000,25.0,
26.010181, 10000,25.0,
26.040182, 10000,25.0,
26.070183, 10000,26.0,
26.100183, 10000,25.0,
26.130184, 10000,25.0,
26.160185, 10000,25.0,
26.190186, 10000,25.0,
26.220186, 10000,25.0,
26.250187, 10000,23.0,
26.280188, 10000,25.0,
26.310188, 10000,24.0,
26.340189, 10000,24.0,
26.37019, 10000,26.0,
26.40019, 10000,25.0,
26.430191, 10000,25.0,
26.460192, 10000,25.0,
26.490192, 10000,24.0,
26.520193, 10000,25.0,
26.550194, 10000,25.0,
26.580194, 10000,25.0,
26.610195, 10000,26.0,
26.640196, 10000,25.0,
26.670197, 10000,26.0,
26.700197, 10000,25.0,
26.730198, 10000,25.0,
26.760199, 10000,25.0,
26.7902, 10000,26.0,
26.8202, 10000,25.0,
26.8502, 10000,26.0,
26.880201, 10000,26.0,
26.910202, 10000,24.0,
26.940203, 10000,24.0,
26.970203, 10000,27.0,
27.000204, 10000,26.0,
27.030205, 10000,25.0,
27.060205, 10000,25.0,
27.090206, 10000,24.0,
27.120207, 10000,25.0,
27.150208, 10000,26.0,
27.180208, 10000,26.0,
27.210209, 10000,25.0,
27.24021, 10000,25.0,
27.27021, 10000,25.0,
27.30021, 10000,25.0,
27.330212, 10000,25.0,
27.360212, 10000,24.0,
27.390213, 10000,25.0,
27.420214, 10000,24.0,
27.450214, 10000,25.0,
27.480215, 10000,25.0,
27.510216, 10000,25.0,
27.540216, 10000,26.0,
27.570217, 10000,25.0,
27.600218, 10000,25.0,
27.630219, 10000,24.0,
27.66022, 10000,25.0,
27.69022, 10000,26.0,
27.72022, 10000,27.0,
27.750221, 10000,25.0,
27.780222, 10000,25.0,
27.810223, 10000,25.0,
27.840223, 10000,26.0,
27.870224, 10000,27.0,
27.900225, 10000,25.0,
27.930225, 10000,33.0,
27.960226, 10000,30.0,
27.990227, 10000,25.0,
28.020227, 10000,25.0,
28.050228, 10000,26.0,
28.080229, 10000,26.0,
28.11023, 10000,25.0,
28.14023, 10000,24.0,
28.17023, 10000,25.0,
28.200232, 10000,26.0,
28.230232, 10000,25.0,
28.260233, 10000,24.0,
28.290234, 10000,24.0,
28.320234, 10000,31.0,
28.350235, 10000,26.0,
28.380236, 10000,25.0,
28.410236, 10000,25.0,
28.440237, 10000,25.0,
28.470238, 10000,25.0,
28.500238, 10000,26.0,
28.53024, 10000,24.0,
28.56024, 10000,25.0,
28.59024, 10000,25.0,
28.620241, 10000,25.0,
28.650242, 10000,25.0,
28.680243, 10000,26.0,
28.710243, 10000,24.0,
28.740244, 10000,24.0,
28.770245, 10000,25.0,
28.800245, 10000,26.0,
28.830246, 10000,26.0,
28.860247, 10000,26.0,
28.890247, 10000,26.0,
28.920248, 10000,25.0,
28.950249, 10000,25.0,
28.98025, 10000,26.0,
29.01025, 10000,24.0,
29.04025, 10000,25.0,
29.070251, 10000,25.0,
29.100252, 10000,26.0,
29.130253, 10000,24.0,
29.160254, 10000,24.0,
29.190254, 10000,25.0,
29.220255, 10000,25.0,
29.250256, 10000,27.0,
29.280256, 10000,26.0,
29.310257, 10000,26.0,
29.340258, 10000,26.0,
29.370258, 10000,26.0,
29.400259, 10000,25.0,
29.43026, 10000,26.0,
29.46026, 10000,26.0,
29.490261, 10000,26.0,
29.520262, 10000,26.0,
29.550262, 10000,27.0,
29.580263, 10000,26.0,
29.610264, 10000,26.0,
29.640265, 10000,28.0,
29.670265, 10000,26.0,
29.700266, 10000,25.0,
29.730267, 10000,26.0,
29.760267, 10000,26.0,
29.790268, 10000,26.0,
29.820269, 10000,25.0,
29.85027, 10000,26.0,
29.88027, 10000,24.0,
29.91027, 10000,25.0,
29.940271, 10000,25.0,
29.970272, 10000,26.0,
30.000273, 10000,24.0,
30.030273, 10000,28.0,
30.060274, 10000,24.0,
30.090275, 10000,25.0,
30.120275, 10000,26.0,
30.150276, 10000,27.0,
30.180277, 10000,25.0,
30.210278, 10000,26.0,
30.240278, 10000,25.0,
30.270279, 10000,26.0,
30.30028, 10000,26.0,
30.33028, 10000,27.0,
30.360281, 10000,26.0,
30.390282, 10000,25.0,
30.420282, 10000,25.0,
30.450283, 10000,26.0,
30.480284, 10000,28.0,
30.510284, 10000,24.0,
30.540285, 10000,25.0,
30.570286, 10000,25.0,
30.600286, 10000,25.0,
30.630287, 10000,27.0,
30.660288, 10000,26.0,
30.690289, 10000,26.0,
30.72029, 10000,26.0,
30.75029, 10000,26.0,
30.78029, 10000,26.0,
30.810291, 10000,25.0,
30.840292, 10000,25.0,
30.870293, 10000,24.0,
30.900293, 10000,24.0,
30.930294, 10000,26.0,
30.960295, 10000,24.0,
30.990295, 10000,25.0,
31.020296, 10000,26.0,
31.050297, 10000,29.0,
31.080297, 10000,29.0,
31.110298, 10000,28.0,
31.140299, 10000,24.0,
31.1703, 10000,26.0,
31.2003, 10000,26.0,
31.2303, 10000,26.0,
31.260302, 10000,25.0,
31.290302, 10000,24.0,
31.320303, 10000,24.0,
31.350304, 10000,24.0,
31.380304, 10000,25.0,
31.410305, 10000,23.0,
31.440306, 10000,25.0,
31.470306, 10000,24.0,
31.500307, 10000,26.0,
31.530308, 10000,26.0,
31.560308, 10000,26.0,
31.59031, 10000,26.0,
31.62031, 10000,25.0,
31.65031, 10000,25.0,
31.680311, 10000,24.0,
31.710312, 10000,25.0,
31.740313, 10000,25.0,
31.770313, 10000,25.0,
31.800314, 10000,26.0,
31.830315, 10000,25.0,
31.860315, 10000,26.0,
31.890316, 10000,25.0,
31.920317, 10000,24.0,
31.950317, 10000,24.0,
31.980318, 10000,25.0,
32.01032, 10000,26.0,
32.040318, 10000,26.0,
32.070316, 10000,26.0,
32.100315, 10000,25.0,
32.130314, 10000,24.0,
32.160313, 10000,27.0,
32.19031, 10000,25.0,
32.22031, 10000,25.0,
32.25031, 10000,25.0,
32.280308, 10000,25.0,
32.310307, 10000,25.0,
32.340305, 10000,25.0,
32.370304, 10000,25.0,
32.400303, 10000,26.0,
32.4303, 10000,25.0,
32.4603, 10000,26.0,
32.4903, 10000,26.0,
32.520298, 10000,25.0,
32.550297, 10000,24.0,
32.580296, 10000,26.0,
32.610294, 10000,25.0,
32.640293, 10000,25.0,
32.67029, 10000,25.0,
32.70029, 10000,24.0,
32.73029, 10000,24.0,
32.76029, 10000,26.0,
32.790287, 10000,26.0,
32.820286, 10000,26.0,
32.850285, 10000,25.0,
32.880