t, E, sx, sy, vx, vy, ax, ay
0.016, 1.61212768E8, 500.0, 387.9944, 0.0, 9695.358,0.0, 490758.4
0.032, 1.36291088E8, 500.0, 557.70105, 0.0, 10975.704,0.0, 182266.88
0.048000004, 2.1629064E8, 500.0, 695.06726, 0.0, 4039.4915,0.0, -614540.4
0.064, 2.00044608E8, 500.0, 662.1872, 0.0, -7706.4375,0.0, -691511.5
0.080000006, 1.30874616E8, 500.0, 496.75595, 0.0, -11436.752,0.0, 46770.97
0.09600001, 2.2605944E8, 500.0, 321.48645, 0.0, -7749.6465,0.0, 461143.7
0.11200001, 2.46546032E8, 500.0, 296.69693, 0.0, 5103.048,0.0, 836586.6
0.128, 1.56566512E8, 500.0, 452.59595, 0.0, 12018.342,0.0, 227551.61
0.14399998, 2.35618976E8, 500.0, 651.7406, 0.0, 10824.4,0.0, -271423.28
0.15999995, 2.90738272E8, 500.0, 731.9853, 0.0, -2101.2896,0.0, -914083.2
0.17599992, 2.11498224E8, 500.0, 598.06665, 0.0, -12631.099,0.0, -482560.38
0.1919999, 2.38199936E8, 500.0, 383.06897, 0.0, -13009.682,0.0, 60987.125
0.20799987, 3.21628832E8, 500.0, 254.15744, 0.0, -1051.7158,0.0, 917551.3
0.22399984, 2.621236E8, 500.0, 355.44855, 0.0, 12223.631,0.0, 697213.5
0.23999982, 2.28165152E8, 500.0, 576.93024, 0.0, 14124.435,0.0, 152988.31
0.2559998, 3.30531616E8, 500.0, 743.7197, 0.0, 4098.2334,0.0, -846526.1
0.27199984, 2.97515488E8, 500.0, 683.0585, 0.0, -10826.805,0.0, -853841.2
0.28799987, 2.04658512E8, 500.0, 465.04678, 0.0, -14075.66,0.0, 146037.94
0.3039999, 3.13832192E8, 500.0, 274.2654, 0.0, -6790.995,0.0, 706585.0
0.31999993, 3.10647168E8, 500.0, 289.5692, 0.0, 8551.459,0.0, 939603.0
0.33599997, 1.93544576E8, 500.0, 494.227, 0.0, 13904.542,0.0, 65705.6
0.352, 2.74294976E8, 500.0, 693.33295, 0.0, 8913.293,0.0, -508908.66
0.36800003, 3.00383136E8, 500.0, 724.4738, 0.0, -5579.616,0.0, -947541.1
0.38400006, 1.98126176E8, 500.0, 549.99725, 0.0, -13583.46,0.0, -271212.72
0.4000001, 2.86287808E8, 500.0, 329.10135, 0.0, -11638.743,0.0, 346992.84
0.41600013, 3.43386848E8, 500.0, 249.5705, 0.0, 3003.1907,0.0, 1020502.06
0.43200016, 2.49553232E8, 500.0, 405.97006, 0.0, 14196.318,0.0, 494488.28
0.4480002, 2.77603232E8, 500.0, 638.8356, 0.0, 13396.051,0.0, -158227.2
0.46400023, 3.59096352E8, 500.0, 759.8942, 0.0, -204.11084,0.0, -1009949.3
0.48000026, 2.8369888E8, 500.0, 634.12836, 0.0, -13650.736,0.0, -675740.3
0.4960003, 2.46494096E8, 500.0, 400.31525, 0.0, -14040.421,0.0, -42244.684
0.5120003, 3.430984E8, 500.0, 247.96234, 0.0, -2592.5115,0.0, 916473.56
0.52800035, 2.9409728E8, 500.0, 332.9698, 0.0, 11987.119,0.0, 800216.44
0.5440004, 2.59261472E8, 500.0, 564.58057, 0.0, 15479.578,0.0, 239231.45
0.5600004, 3.76055232E8, 500.0, 756.1325, 0.0, 5456.642,0.0, -878887.56
0.57600045, 3.5038432E8, 500.0, 705.74976, 0.0, -11067.565,0.0, -967392.8
0.5920005, 2.4898832E8, 500.0, 471.31458, 0.0, -15641.833,0.0, 84727.21
0.6080005, 3.72913824E8, 500.0, 256.61053, 0.0, -7843.537,0.0, 770175.8
0.62400055, 3.73154368E8, 500.0, 268.6649, 0.0, 9257.481,0.0, 1053881.4
0.6400006, 2.41919472E8, 500.0, 494.71237, 0.0, 15547.544,0.0, 96187.02
0.6560006, 3.32458496E8, 500.0, 714.77264, 0.0, 9561.1045,0.0, -598719.1
0.67200065, 3.57689088E8, 500.0, 741.7108, 0.0, -6697.578,0.0, -1052470.1
0.6880007, 2.39866224E8, 500.0, 542.67084, 0.0, -15159.714,0.0, -267576.84
0.7040007, 3.3556768E8, 500.0, 305.69656, 0.0, -11816.791,0.0, 455601.1
0.72000074, 3.87657248E8, 500.0, 237.59384, 0.0, 4442.3535,0.0, 1106635.4
0.7360008, 2.77594912E8, 500.0, 419.62323, 0.0, 15565.348,0.0, 456394.7
0.7520008, 3.06197472E8, 500.0, 662.17694, 0.0, 13079.506,0.0, -276407.44
0.76800084, 3.78799104E8, 500.0, 765.4511, 0.0, -1843.6284,0.0, -1069317.6
0.7840009, 2.8782864E8, 500.0, 615.23145, 0.0, -14687.645,0.0, -605884.94
0.8000009, 3.1840592E8, 500.0, 363.5796, 0.0, -14969.258,0.0, 115257.76
0.81600094, 4.14875264E8, 500.0, 220.76958, 0.0, -602.06934,0.0, 1086535.6
0.832001, 3.38311488E8, 500.0, 347.45926, 0.0, 14567.526,0.0, 782303.8
0.848001, 2.97233888E8, 500.0, 603.92706, 0.0, 15609.738,0.0, 53269.08
0.86400104, 4.06984864E8, 500.0, 774.08014, 0.0, 2967.291,0.0, -1014606.0
0.88000107, 3.52707136E8, 500.0, 680.9892, 0.0, -13256.651,0.0, -892443.8
0.8960011, 3.12836736E8, 500.0, 424.78082, 0.0, -16906.357,0.0, -216719.03
0.91200113, 4.40271776E8, 500.0, 221.02802, 0.0, -5358.561,0.0, 990319.25
0.92800117, 4.05285312E8, 500.0, 286.07904, 0.0, 12584.59,0.0, 1036862.8
0.9440012, 2.92756032E8, 500.0, 544.9205, 0.0, 16797.338,0.0, -139438.9
0.96000123, 4.23142144E8, 500.0, 765.04016, 0.0, 7272.0986,0.0, -885324.94
0.97600126, 4.10638912E8, 500.0, 732.9004, 0.0, -10892.841,0.0, -1094018.9
0.9920013, 3.01287168E8, 500.0, 484.79672, 0.0, -17324.482,0.0, -13482.936
1.0080012, 4.42616704E8, 500.0, 240.43217, 0.0, -9410.523,0.0, 816418.2
1.024001, 4.51844576E8, 500.0, 241.7207, 0.0, 9655.408,0.0, 1190952.8
1.0400008, 3.05429184E8, 500.0, 488.7182, 0.0, 17453.572,0.0, 162972.75
1.0560006, 4.09030336E8, 500.0, 736.93396, 0.0, 10736.451,0.0, -681454.1
1.0720004, 4.38131456E8, 500.0, 766.0654, 0.0, -7644.1084,0.0, -1188086.0
1.0880002, 3.02470624E8, 500.0, 540.50275, 0.0, -17125.146,0.0, -296432.44
1.104, 4.094608E8, 500.0, 279.39325, 0.0, -12489.125,0.0, 568230.2
1.1199998, 4.60147136E8, 500.0, 218.02936, 0.0, 5864.536,0.0, 1228793.0
1.1359996, 3.30499104E8, 500.0, 429.92023, 0.0, 17417.793,0.0, 444037.8
1.1519994, 4.02478528E8, 500.0, 701.4264, 0.0, 13867.724,0.0, -448764.9
1.1679991, 4.71817792E8, 500.0, 791.8653, 0.0, -4054.6836,0.0, -1240053.8
1.183999, 3.51787008E8, 500.0, 597.56824, 0.0, -17308.928,0.0, -573579.06
1.1999987, 3.84568384E8, 500.0, 322.39276, 0.0, -14911.18,0.0, 313798.56
1.2159985, 4.70248864E8, 500.0, 204.4946, 0.0, 2084.043,0.0, 1218167.1
1.2319983, 3.64498112E8, 500.0, 375.45486, 0.0, 16729.838,0.0, 691316.75
1.2479981, 3.98327136E8, 500.0, 658.972, 0.0, 16415.697,0.0, -194431.12
1.2639979, 5.03012608E8, 500.0, 807.2532, 0.0, -257.36865,0.0, -1237972.4
1.2799977, 4.0745088E8, 500.0, 653.0171, 0.0, -16733.795,0.0, -827824.06
1.2959975, 3.6085872E8, 500.0, 368.2688, 0.0, -16535.762,0.0, 61505.47
1.3119973, 4.73010624E8, 500.0, 202.45782, 0.0, -1552.7153,0.0, 1155309.0
1.3279971, 3.97068128E8, 500.0, 327.60062, 0.0, 15358.127,0.0, 893259.8
1.3439969, 3.52013952E8, 500.0, 605.938, 0.0, 17220.115,0.0, 75788.0
1.3599967, 4.76150304E8, 500.0, 795.7287, 0.0, 3503.0078,0.0, -1107656.0
1.3759965, 4.18073856E8, 500.0, 696.8634, 0.0, -14434.45,0.0, -992036.7
1.3919963, 3.73097184E8, 500.0, 416.11758, 0.0, -18419.266,0.0, -205411.66
1.407996, 5.12759968E8, 500.0, 197.88947, 0.0, -5424.0156,0.0, 1099899.8
1.4239959, 4.69556288E8, 500.0, 275.66794, 0.0, 14053.088,0.0, 1116079.4
1.4399956, 3.45447488E8, 500.0, 559.6, 0.0, 18077.3,0.0, -184229.7
1.4559954, 4.84066304E8, 500.0, 787.6544, 0.0, 6852.4014,0.0, -1002080.3
1.4719952, 4.59503904E8, 500.0, 736.8232, 0.0, -12528.004,0.0, -1145469.4
1.487995, 3.39417312E8, 500.0, 465.28064, 0.0, -18253.977,0.0, 61484.41
1.5039948, 4.84943168E8, 500.0, 220.34909, 0.0, -8533.336,0.0, 930178.75
1.5199946, 4.78977216E8, 500.0, 244.75815, 0.0, 11316.089,0.0, 1209556.8
1.5359944, 3.59472096E8, 500.0, 511.44138, 0.0, 18943.736,0.0, 63863.406
1.5519942, 5.15770496E8, 500.0, 778.947, 0.0, 10323.293,0.0, -891044.9
1.567994, 5.27109248E8, 500.0, 778.09186, 0.0, -10530.411,0.0, -1303354.5
1.5839938, 3.65113632E8, 500.0, 508.16306, 0.0, -19095.61,0.0, -180796.17
1.5999936, 4.787008E8, 500.0, 240.55258, 0.0, -11213.396,0.0, 779841.4
1.6159934, 5.051032E8, 500.0, 218.46477, 0.0, 8902.358,0.0, 1287365.9
1.6319932, 3.53062976E8, 500.0, 469.37003, 0.0, 18645.422,0.0, 279494.53
1.647993, 4.67748288E8, 500.0, 744.34283, 0.0, 12479.701,0.0, -682150.8
1.6639928, 5.11153088E8, 500.0, 791.66315, 0.0, -7402.3613,0.0, -1305931.4
1.6799926, 3.65388512E8, 500.0, 554.20935, 0.0, -18679.72,0.0, -393160.97
1.6959924, 4.8424944E8, 500.0, 264.96332, 0.0, -14017.674,0.0, 606861.0
1.7119921, 5.4542906E8, 500.0, 192.30481, 0.0, 6165.3457,0.0, 1358080.2
1.7279919, 4.0157904E8, 500.0, 423.17474, 0.0, 19204.848,0.0, 512048.38
1.7439917, 4.81480768E8, 500.0, 721.7392, 0.0, 15042.445,0.0, -522653.47
1.7599915, 5.5653709E8, 500.0, 815.4478, 0.0, -4881.9946,0.0, -1369588.6
1.7759913, 4.19178752E8, 500.0, 596.6222, 0.0, -19175.176,0.0, -606310.4
1.7919911, 4.55114368E8, 500.0, 297.87668, 0.0, -15621.499,0.0, 417103.94
1.8079909, 5.4120416E8, 500.0, 185.1779, 0.0, 3375.0063,0.0, 1336517.1
1.8239907, 4.16304256E8, 500.0, 384.15802, 0.0, 18512.027,0.0, 685195.2
1.8399905, 4.52245696E8, 500.0, 685.60803, 0.0, 16589.89,0.0, -318601.62
1.8559903, 5.5207904E8, 500.0, 820.51575, 0.0, -1906.9775,0.0, -1334470.5
1.8719901, 4.3677664E8, 500.0, 637.17505, 0.0, -18272.928,0.0, -782637.3
1.8879899, 4.73486816E8, 500.0, 326.30377, 0.0, -17869.66,0.0, 235980.56
1.9039897, 5.8879155E8, 500.0, 167.86711, 0.0, 608.2827,0.0, 1364230.0
1.9199895, 4.79381184E8, 500.0, 341.2367, 0.0, 18487.203,0.0, 890392.6
1.9359893, 4.72506656E8, 500.0, 659.8644, 0.0, 18512.242,0.0, -156843.84
1.951989, 5.9733786E8, 500.0, 834.72406, 0.0, 551.6167,0.0, -1353468.4
1.9679888, 4.96902752E8, 500.0, 674.8307, 0.0, -18174.953,0.0, -961139.2
1.9839886, 4.44452224E8, 500.0, 358.65625, 0.0, -18541.424,0.0, 67522.93
1.9999884, 5.7365498E8, 500.0, 172.55707, 0.0, -1760.5073,0.0, 1294454.1
2.0159883, 4.87051104E8, 500.0, 312.55417, 0.0, 17204.86,0.0, 1002243.06
2.0319881, 4.3545696E8, 500.0, 623.5908, 0.0, 18956.043,0.0, 25853.002
2.047988, 5.7240704E8, 500.0, 825.4663, 0.0, 3079.6143,0.0, -1258622.8
2.0639877, 4.98476224E8, 500.0, 703.6831, 0.0, -16531.56,0.0, -1066594.2
2.0799875, 4.46679424E8, 500.0, 391.82736, 0.0, -19726.957,0.0, -115116.84
2.0959873, 5.9411264E8, 500.0, 170.94392, 0.0, -4394.5923,0.0, 1249587.4
2.111987, 5.30736736E8, 500.0, 277.83655, 0.0, 16220.252,0.0, 1148960.5
2.127987, 4.77455712E8, 500.0, 596.5113, 0.0, 20792.994,0.0, 192307.31
2.1439867, 6.3734694E8, 500.0, 838.01843, 0.0, 5589.253,0.0, -1268664.2
2.1599865, 5.8151315E8, 500.0, 741.3139, 0.0, -16305.434,0.0, -1242418.2
2.1759863, 4.39272896E8, 500.0, 418.30627, 0.0, -20105.74,0.0, 249625.12
2.191986, 5.9192883E8, 500.0, 176.9932, 0.0, -6262.6343,0.0, 1183296.0
2.2079859, 5.4841267E8, 500.0, 256.1891, 0.0, 15057.051,0.0, 1229475.8
2.2239857, 4.1185184E8, 500.0, 564.526, 0.0, 19751.334,0.0, -174409.77
2.2399855, 5.6484499E8, 500.0, 811.3309, 0.0, 7226.0176,0.0, -1108085.6
2.2559853, 5.34931392E8, 500.0, 751.4403, 0.0, -13903.884,0.0, -1242992.9
2.271985, 4.01887104E8, 500.0, 453.53705, 0.0, -19767.512,0.0, 87541.234
2.2879848, 5.5876205E8, 500.0, 195.92914, 0.0, -8399.956,0.0, 1049870.6
2.3039846, 5.4273293E8, 500.0, 236.38766, 0.0, 12949.605,0.0, 1282289.1
2.3199844, 4.10660896E8, 500.0, 529.0976, 0.0, 20160.023,0.0, 3535.6494
2.3359842, 5.7455386E8, 500.0, 801.9687, 0.0, 9684.873,0.0, -1014120.1
2.351984, 5.7168147E8, 500.0, 779.3557, 0.0, -12282.324,0.0, -1344393.6
2.3679838, 4.3775856E8, 500.0, 486.03854, 0.0, -20901.5,0.0, -90860.25
2.3839836, 6.1122278E8, 500.0, 194.7055, 0.0, -10969.453,0.0, 1004426.9
2.3999834, 6.1977837E8, 500.0, 202.66603, 0.0, 11966.519,0.0, 1424263.9
2.4159832, 4.81082592E8, 500.0, 502.4495, 0.0, 21933.23,0.0, 166649.81
2.431983, 6.6597837E8, 500.0, 813.8751, 0.0, 12140.275,0.0, -1022150.25
2.4479828, 6.8326963E8, 500.0, 816.0185, 0.0, -12036.883,0.0, -1515192.9
2.4639826, 4.91696512E8, 500.0, 504.36694, 0.0, -22169.734,0.0, -223988.31
2.4799824, 6.254016E8, 500.0, 199.24422, 0.0, -12238.814,0.0, 957329.1
2.4959822, 6.4817107E8, 500.0, 188.13324, 0.0, 11148.434,0.0, 1477574.5
2.511982, 4.65051392E8, 500.0, 485.8666, 0.0, 21534.377,0.0, 258124.27
2.5279818, 5.9596557E8, 500.0, 788.5076, 0.0, 12607.678,0.0, -891247.5
2.5439816, 6.2652282E8, 500.0, 811.5742, 0.0, -10204.045,0.0, -1457296.1
2.5599813, 4.50381856E8, 500.0, 526.2229, 0.0, -21124.824,0.0, -307864.34
2.5759811, 5.8047226E8, 500.0, 221.7865, 0.0, -13219.528,0.0, 829716.06
2.591981, 6.2049146E8, 500.0, 184.77406, 0.0, 9286.01,0.0, 1456483.8
2.6079807, 4.49291232E8, 500.0, 460.40247, 0.0, 20981.61,0.0, 369119.16
2.6239805, 5.8052237E8, 500.0, 770.83563, 0.0, 14025.048,0.0, -778255.56
2.6399803, 6.3094771E8, 500.0, 822.59125, 0.0, -8475.906,0.0, -1475586.0
2.65598, 4.62193792E8, 500.0, 553.1167, 0.0, -21122.533,0.0, -436702.53
2.67198, 5.9636595E8, 500.0, 232.93347, 0.0, -14956.861,0.0, 741604.94
2.6879797, 6.5735347E8, 500.0, 166.9235, 0.0, 7847.3506,0.0, 1513302.2
2.7039795, 4.882408E8, 500.0, 434.4259, 0.0, 21540.668,0.0, 504770.88
2.7199793, 6.2688064E8, 500.0, 767.3244, 0.0, 15935.144,0.0, -723287.6
2.735979, 6.9777197E8, 500.0, 845.8316, 0.0, -7459.3643,0.0, -1566662.9
2.7519789, 5.25369408E8, 500.0, 575.8645, 0.0, -22204.455,0.0, -567321.75
2.7679787, 6.6965658E8, 500.0, 228.35094, 0.0, -16874.402,0.0, 725276.4
2.7839785, 7.4898451E8, 500.0, 140.24118, 0.0, 7350.8716,0.0, 1631259.1
2.7999783, 5.7047213E8, 500.0, 416.97806, 0.0, 23060.043,0.0, 618725.6
2.815978, 7.2119712E8, 500.0, 779.7528, 0.0, 17690.959,0.0, -747788.4
2.8319778, 8.067337E8, 500.0, 873.6666, 0.0, -7536.857,0.0, -1701604.9
2.8479776, 6.1967392E8, 500.0, 586.3692, 0.0, -24035.604,0.0, -654228.2
2.8639774, 7.7719565E8, 500.0, 209.02216, 0.0, -18310.33,0.0, 789233.75
2.8799772, 8.6605997E8, 500.0, 113.68888, 0.0, 8006.604,0.0, 1771600.4
2.895977, 6.6867942E8, 500.0, 414.47855, 0.0, 25047.314,0.0, 670386.1
2.9119768, 8.3288608E8, 500.0, 804.409, 0.0, 18674.01,0.0, -846319.56
2.9279766, 9.2173459E8, 500.0, 896.5669, 0.0, -8724.137,0.0, -1835058.2
2.9439764, 7.1316659E8, 500.0, 580.48773, 0.0, -26006.555,0.0, -665398.2
2.9599762, 8.8342746E8, 500.0, 181.11237, 0.0, -18744.93,0.0, 914308.5
2.975976, 9.6871949E8, 500.0, 96.53352, 0.0, 9630.896,0.0, 1886248.5
2.9919758, 7.4916877E8, 500.0, 428.38406, 0.0, 26827.596,0.0, 639294.94
3.0079756, 9.243104E8, 500.0, 833.17084, 0.0, 18511.162,0.0, -987407.5
3.0239754, 1.00265011E9, 500.0, 906.3512, 0.0, -10650.47,0.0, -1920413.2
3.0399752, 7.734281E8, 500.0, 559.63074, 0.0, -27435.268,0.0, -593973.06
3.055975, 9.5174733E8, 500.0, 154.02164, 0.0, -17987.441,0.0, 1059261.8
3.0719748, 1.02024877E9, 500.0, 95.12683, 0.0, 11695.031,0.0, 1934206.5
3.0879745, 7.8367251E8, 500.0, 454.4856, 0.0, 27771.787,0.0, 533061.44
3.1039743, 9.6302643E8, 500.0, 856.16626, 0.0, 17214.395,0.0, -1123503.1
3.1199741, 1.01966214E9, 500.0, 899.0938, 0.0, -12672.835,0.0, -1926016.0
3.135974, 7.7881254E8, 500.0, 530.4876, 0.0, -27802.19,0.0, -461636.3
3.1519737, 9.56784E8, 500.0, 137.2313, 0.0, -16255.457,0.0, 1174311.0
3.1679735, 1.0006464E9, 500.0, 110.57537, 0.0, 13496.237,0.0, 1896138.6
3.1839733, 7.5903405E8, 500.0, 484.15585, 0.0, 27517.852,0.0, 385801.12
3.199973, 9.3318093E8, 500.0, 865.1486, 0.0, 15191.693,0.0, -1206939.1
3.215973, 9.6461978E8, 500.0, 876.6594, 0.0, -14089.547,0.0, -1846792.0
3.2319727, 7.2579942E8, 500.0, 502.89993, 0.0, -26937.781,0.0, -312166.4
3.2479725, 8.9394022E8, 500.0, 137.00134, 0.0, -14115.002,0.0, 1218153.9
3.2639723, 9.1453683E8, 500.0, 138.14993, 0.0, 14395.918,0.0, 1781956.9
3.279972, 7.3496083E8, 500.0, 507.18472, 0.0, 27107.482,0.0, 247276.8
3.2959719, 9.6845427E8, 500.0, 882.72, 0.0, 13973.139,0.0, -1315478.9
3.3119717, 9.8039565E8, 500.0, 868.1709, 0.0, -15728.995,0.0, -1838848.6
3.3279715, 7.8980435E8, 500.0, 478.19785, 0.0, -28066.842,0.0, -196362.89
3.3439713, 1.03094016E9, 500.0, 98.83813, 0.0, -13424.667,0.0, 1414829.2
3.359971, 1.03004454E9, 500.0, 131.29802, 0.0, 17147.965,0.0, 1869746.5
3.3759708, 8.3059642E8, 500.0, 539.928, 0.0, 28687.992,0.0, 121920.055
3.3919706, 1.07562214E9, 500.0, 916.6866, 0.0, 12510.133,0.0, -1507471.6
3.4079704, 1.05877888E9, 500.0, 863.29974, 0.0, -18529.2,0.0, -1871419.1
3.4239702, 8.5363674E8, 500.0, 439.98596, 0.0, -28909.537,0.0, -30065.883
3.43997, 1.09812314E9, 500.0, 72.14865, 0.0, -11303.2,0.0, 1585095.6
3.4559698, 1.0637296E9, 500.0, 147.68932, 0.0, 19750.004,0.0, 1843151.6
3.4719696, 8.5667104E8, 500.0, 580.3402, 0.0, 28704.17,0.0, -71426.05
3.4879694, 1.09592525E9, 500.0, 933.60126, 0.0, 9904.778,0.0, -1640556.4
3.5039692, 1.04415155E9, 500.0, 836.61255, 0.0, -20699.475,0.0, -1786861.2
3.519969, 8.3908928E8, 500.0, 400.89902, 0.0, -28081.758,0.0, 173780.86
3.5359688, 1.06867174E9, 500.0, 66.69165, 0.0, -8434.632,0.0, 1668527.2
3.5519686, 1.00148685E9, 500.0, 182.51541, 0.0, 21288.52,0.0, 1706974.6
3.5679684, 9.1678765E8, 500.0, 622.625, 0.0, 29049.178,0.0, 232021.83
3.5839682, 1.15762522E9, 500.0, 955.54083, 0.0, 7314.3213,0.0, -1797424.4
3.599968, 1.06892589E9, 500.0, 812.19507, 0.0, -23188.371,0.0, -1719543.1
3.6159678, 9.8002643E8, 500.0, 350.6314, 0.0, -29492.395,0.0, -112689.016
3.6319675, 1.22203187E9, 500.0, 27.676834, 0.0, -5768.7188,0.0, 1908732.2
3.6479673, 1.1094871E9, 500.0, 200.84973, 0.0, 24912.27,0.0, 1691469.8
3.6639671, 1.01919027E9, 500.0, 677.0481, 0.0, 29362.123,0.0, -22542.994
3.679967, 1.25554278E9, 500.0, 982.08356, 0.0, 3926.0596,0.0, -1992282.8
3.6959667, 1.11931622E9, 500.0, 779.3673, 0.0, -26304.594,0.0, -1624446.4
3.7119665, 1.03047718E9, 500.0, 296.7778, 0.0, -28658.756,0.0, 162041.5
3.7279663, 1.2544457E9, 500.0, 16.191322, 0.0, -1943.2881,0.0, 2040161.0
3.743966, 1.09728742E9, 500.0, 245.55312, 0.0, 27235.984,0.0, 1523636.2
3.759966, 1.01231667E9, 500.0, 725.56616, 0.0, 27433.295,0.0, -293572.34
3.7759657, 1.21813414E9, 500.0, 977.206, 0.0, -7.236328,0.0, -2047448.1
3.7919655, 1.04507616E9, 500.0, 726.5054, 0.0, -27615.271,0.0, -1397286.1
3.8079653, 1.09743053E9, 500.0, 242.46269, 0.0, -27505.436,0.0, 445367.2
3.823965, 1.29756723E9, 500.0, 8.647561, 0.0, 2044.1182,0.0, 2155934.0
3.8399649, 1.09750259E9, 500.0, 293.9798, 0.0, 29371.885,0.0, 1334209.2
3.8559647, 1.15494656E9, 500.0, 788.7154, 0.0, 26907.781,0.0, -606697.94
3.8719645, 1.34118784E9, 500.0, 996.51715, 0.0, -4306.115,0.0, -2225834.0
3.8879642, 1.11698714E9, 500.0, 678.9167, 0.0, -30640.512,0.0, -1229633.5
3.903964, 1.17927283E9, 500.0, 183.68336, 0.0, -25680.117,0.0, 763505.3
3.9199638, 1.34433971E9, 500.0, 7.945292, 0.0, 6597.8604,0.0, 2250228.8
3.9359636, 1.10164506E9, 500.0, 352.55563, 0.0, 31299.695,0.0, 1091989.1
3.9519634, 1.16745472E9, 500.0, 837.8502, 0.0, 23918.654,0.0, -901855.44
3.9679632, 1.30606067E9, 500.0, 978.1881, 0.0, -8717.581,0.0, -2226083.5
3.983963, 1.05255578E9, 500.0, 614.3129, 0.0, -31279.42,0.0, -932788.6
3.9999628, 1.26283994E9, 500.0, 126.93281, 0.0, -23110.908,0.0, 1086774.9
4.0159636, 1.38177293E9, 500.0, 17.697948, 0.0, 11327.984,0.0, 2297942.2
4.0319643, 1.10373222E9, 500.0, 417.73334, 0.0, 32624.664,0.0, 806092.9
4.047965, 1.32261133E9, 500.0, 903.70667, 0.0, 21595.95,0.0, -1263841.6
4.063966, 1.41395558E9, 500.0, 975.38617, 0.0, -13934.361,0.0, -2316824.8
4.0799665, 1.1188288E9, 500.0, 545.71747, 0.0, -33254.824,0.0, -643501.25
4.0959673, 1.3405504E9, 500.0, 73.04092, 0.0, -19493.84,0.0, 1417268.5
4.111968, 1.39909747E9, 500.0, 42.177948, 0.0, 16306.497,0.0, 2280037.0
4.127969, 1.09630374E9, 500.0, 492.20996, 0.0, 33100.41,0.0, 458676.03
4.1439695, 1.3139104E9, 500.0, 940.6437, 0.0, 16978.826,0.0, -1533050.9
4.1599703, 1.33805504E9, 500.0, 930.9697, 0.0, -18230.398,0.0, -2189749.8
4.175971, 1.1029769E9, 500.0, 471.82196, 0.0, -33159.863,0.0, -267505.16
4.191972, 1.39650419E9, 500.0, 30.365112, 0.0, -15117.908,0.0, 1709164.0
4.2079725, 1.38783987E9, 500.0, 81.10425, 0.0, 20873.758,0.0, 2184688.5
4.2239733, 1.14262528E9, 500.0, 567.34216, 0.0, 33472.426,0.0, 86077.92
4.239974, 1.43530624E9, 500.0, 989.86725, 0.0, 12716.001,0.0, -1854066.8
4.255975, 1.39066125E9, 500.0, 896.2123, 0.0, -23174.121,0.0, -2121897.0
4.2719755, 1.1437888E9, 500.0, 393.54654, 0.0, -32956.945,0.0, 111668.44
4.2879763, 1.42566016E9, 500.0, 0.6308861, 0.0, -9974.704,0.0, 1954360.0
4.303977, 1.34595251E9, 500.0, 135.29884, 0.0, 24921.717,0.0, 2005800.0
4.3199778, 1.2394848E9, 500.0, 650.0729, 0.0, 33602.9,0.0, 191411.31
4.3359785, 1.52829171E9, 500.0, 1025.7529, 0.0, 7422.6455,0.0, -2131741.0
4.3519793, 1.40803328E9, 500.0, 842.6195, 0.0, -27681.742,0.0, -1955071.1
4.36798, 1.30033101E9, 500.0, 305.12256, 0.0, -33316.336,0.0, 29047.887
4.3839808, 1.5800183E9, 500.0, -40.56756, 0.0, -4407.993,0.0, 2262953.0
4.3999815, 1.41968845E9, 500.0, 190.22903, 0.0, 29885.732,0.0, 1841678.0
4.4159822, 1.31628211E9, 500.0, 736.9496, 0.0, 32104.512,0.0, -254850.73
4.431983, 1.57490586E9, 500.0, 1042.2964, 0.0, 1187.9795,0.0, -2335516.8
4.4479837, 1.37981619E9, 500.0, 768.8629, 0.0, -31328.309,0.0, -1674419.9
4.4639845, 1.43640282E9, 500.0, 211.97404, 0.0, -31778.1,0.0, 506162.16
4.479985, 1.68168269E9, 500.0, -59.18843, 0.0, 2248.5205,0.0, 2485108.0
4.495986, 1.44237056E9, 500.0, 268.58014, 0.0, 33840.95,0.0, 1545171.5
4.5119867, 1.50912205E9, 500.0, 835.9872, 0.0, 30396.9,0.0, -763569.3
4.5279875, 1.72693811E9, 500.0, 1061.1621, 0.0, -5919.1973,0.0, -2567844.2
4.543988, 1.45057997E9, 500.0, 684.7873, 0.0, -35485.65,0.0, -1354515.4
4.559989, 1.526944E9, 500.0, 123.47718, 0.0, -28062.441,0.0, 1004462.94
4.5759897, 1.70540698E9, 500.0, -47.738903, 0.0, 9504.48,0.0, 2575125.5
4.5919905, 1.40383334E9, 500.0, 367.11078, 0.0, 36100.367,0.0, 1118096.0
4.607991, 1.65111334E9, 500.0, 927.7107, 0.0, 26304.713,0.0, -1284852.0
4.623992, 1.79282547E9, 500.0, 1046.179, 0.0, -13539.353,0.0, -2648199.5
4.6399927, 1.45689779E9, 500.0, 580.0879, 0.0, -37667.22,0.0, -896322.9
4.6559935, 1.71633818E9, 500.0, 30.209976, 0.0, -23539.357,0.0, 1541747.4
4.671994, 1.80945037E9, 500.0, -27.823746, 0.0, 17402.54,0.0, 2637394.5
4.687995, 1.4537536E9, 500.0, 477.44128, 0.0, 38078.043,0.0, 628846.0
4.7039957, 1.71497613E9, 500.0, 998.88434, 0.0, 19991.041,0.0, -1752011.4
4.7199965, 1.75317222E9, 500.0, 993.98395, 0.0, -20749.59,0.0, -2542038.0
4.735997, 1.4700375E9, 500.0, 465.30518, 0.0, -38274.156,0.0, -338397.16
4.751998, 1.81987558E9, 500.0, -38.44111, 0.0, -16810.836,0.0, 2005101.8
4.7679987, 1.80294784E9, 500.0, 30.776821, 0.0, 24621.223,0.0, 2500704.0
4.7839994, 1.50967322E9, 500.0, 594.98126, 0.0, 38274.45,0.0, 49509.16
4.8, 1.85451546E9, 500.0, 1063.3683, 0.0, 12914.603,0.0, -2202342.8
4.816001, 1.7794016E9, 500.0, 929.1633, 0.0, -27842.754,0.0, -2373032.8
4.8320017, 1.56574451E9, 500.0, 342.81653, 0.0, -38016.65,0.0, -245450.25
4.8480024, 1.90665408E9, 500.0, -85.74652, 0.0, -8787.348,0.0, 2392018.5
4.864003, 1.77220531E9, 500.0, 114.94122, 0.0, 30995.54,0.0, 2224643.0
4.880004, 1.64455654E9, 500.0, 720.17365, 0.0, 37429.5,0.0, -68124.96
4.8960047, 1.97144883E9, 500.0, 1104.1975, 0.0, 4473.5234,0.0, -2566562.0
4.9120054, 1.77832256E9, 500.0, 836.9237, 0.0, -33971.11,0.0, -2053361.2
4.928006, 1.66022374E9, 500.0, 221.4655, 0.0, -35548.08,0.0, 385396.78
4.944007, 1.95472256E9, 500.0, -103.999275, 0.0, 76.61426,0.0, 2656487.8
4.9600077, 1.71222669E9, 500.0, 221.98016, 0.0, 35839.477,0.0, 1808400.8
4.9760084, 1.77862605E9, 500.0, 842.5587, 0.0, 34235.03,0.0, -718422.2
4.992009, 2.04420416E9, 500.0, 1113.494, 0.0, -4757.3467,0.0, -2795436.5
5.00801, 1.74774861E9, 500.0, 721.43933, 0.0, -38387.83,0.0, -1588115.2
5.0240107, 1.8296512E9, 500.0, 101.11194, 0.0, -31631.139,0.0, 1040384.75
5.0400114, 2.04814797E9, 500.0, -103.11668, 0.0, 9474.831,0.0, 2839922.2
5.056012, 1.7122496E9, 500.0, 343.8355, 0.0, 39667.45,0.0, 1300866.5
5.072013, 1.98757248E9, 500.0, 964.2008, 0.0, 29283.668,0.0, -1400240.8
5.0880136, 2.15694746E9, 500.0, 1099.7722, 0.0, -14666.457,0.0, -2927542.2
5.1040144, 1.77618099E9, 500.0, 587.67224, 0.0, -41597.137,0.0, -1011142.25
5.120015, 2.06944742E9, 500.0, -17.456772, 0.0, -25654.11,0.0, 1727955.0
5.136016, 2.17328691E9, 500.0, -74.86546, 0.0, 19609.283,0.0, 2906898.2
5.1520166, 1.76836378E9, 500.0, 486.52176, 0.0, 42030.797,0.0, 664258.2
5.1680174, 2.06531674E9, 500.0, 1053.7352, 0.0, 21038.11,0.0, -1993967.0
5.184018, 2.09520947E9, 500.0, 1030.1936, 0.0, -23862.035,0.0, -2777716.0
5.200019, 1.77233382E9, 500.0, 440.03894, 0.0, -41901.184,0.0, -289737.5
5.2160196, 2.16332493E9, 500.0, -95.772125, 0.0, -16677.088,0.0, 2282521.8
5.2320204, 2.11957376E9, 500.0, 8.806328, 0.0, 28382.092,0.0, 2681091.0
5.248021, 1.79284262E9, 500.0, 634.51575, 0.0, 41249.17,0.0, -80553.85
5.264022, 2.17013811E9, 500.0, 1118.1653, 0.0, 11588.981,0.0, -2491417.8
5.2800226, 2.05266688E9, 500.0, 934.6791, 0.0, -31932.535,0.0, -2481131.0
5.2960234, 1.9064585E9, 500.0, 288.22815, 0.0, -41023.785,0.0, -43891.26
5.312024, 2.28038656E9, 500.0, -147.18538, 0.0, -6502.124,0.0, 2732085.2
5.328025, 2.08699571E9, 500.0, 119.08473, 0.0, 35911.293,0.0, 2302943.8
5.3440256, 1.95144346E9, 500.0, 785.4324, 0.0, 39193.754,0.0, -345637.78
5.3600264, 2.29246899E9, 500.0, 1153.9805, 0.0, 984.83984,0.0, -2874800.5
5.376027, 2.03236378E9, 500.0, 812.4047, 0.0, -38630.973,0.0, -2028906.6
5.392028, 2.10087603E9, 500.0, 135.57193, 0.0, -37611.188,0.0, 755831.06
5.4080286, 2.40720691E9, 500.0, -166.17558, 0.0, 4775.492,0.0, 3048285.0
5.4240294, 2.07769779E9, 500.0, 257.02008, 0.0, 41800.65,0.0, 1759510.8
5.44003, 2.16843418E9, 500.0, 934.10345, 0.0, 34434.45,0.0, -1153153.1
5.456031, 2.41575936E9, 500.0, 1153.9146, 0.0, -10591.895,0.0, -3105649.5
5.4720316, 2.03598118E9, 500.0, 662.7253, 0.0, -43412.28,0.0, -1407066.4
5.4880323, 2.34213888E9, 500.0, -9.895798, 0.0, -31255.5,0.0, 1579871.4
5.504033, 2.52433766E9, 500.0, -144.14899, 0.0, 16805.086,0.0, 3182933.8
5.520034, 2.09419494E9, 500.0, 421.6317, 0.0, 45349.74,0.0, 1041505.6
5.5360346, 2.42180019E9, 500.0, 1069.815, 0.0, 26604.25,0.0, -1959881.2
5.5520353, 2.5194647E9, 500.0, 1108.794, 0.0, -22600.43,0.0, -3129203.5
5.568036, 2.15873485E9, 500.0, 488.83932, 0.0, -46459.984,0.0, -614635.56
5.584037, 2.60672589E9, 500.0, -134.53067, 0.0, -21715.809,0.0, 2367652.0
5.6000376, 2.61162931E9, 500.0, -72.35104, 0.0, 28804.348,0.0, 3078455.8
5.6160383, 2.23329178E9, 500.0, 606.4256, 0.0, 46669.32,0.0, 162293.42
5.632039, 2.68179226E9, 500.0, 1176.6195, 0.0, 15645.157,0.0, -2690556.0
5.64804, 2.5862185E9, 500.0, 1011.2768, 0.0, -34033.977,0.0, -2890174.5
5.6640406, 2.40612326E9, 500.0, 292.72665, 0.0, -46843.355,0.0, -181655.1
5.6800413, 2.85822848E9, 500.0, -220.55518, 0.0, -9198.563,0.0, 3029855.2
5.696042, 2.65660902E9, 500.0, 53.89846, 0.0, 39538.895,0.0, 2687774.2
5.712043, 2.49091994E9, 500.0, 805.37964, 0.0, 44906.633,0.0, -327156.62
5.7280436, 2.90783667E9, 500.0, 1236.0765, 0.0, 2057.128,0.0, -3246820.8
5.7440443, 2.61009869E9, 500.0, 860.2029, 0.0, -43493.977,0.0, -2355076.0
5.760045, 2.68294733E9, 500.0, 92.46678, 0.0, -42710.875,0.0, 860574.4
5.776046, 3.05325312E9, 500.0, -249.91786, 0.0, 5453.4863,0.0, 3463144.0
5.7920465, 2.66123802E9, 500.0, 231.16719, 0.0, 47493.586,0.0, 1997083.1
5.8080473, 2.76941338E9, 500.0, 997.00885, 0.0, 38458.79,0.0, -1374258.5
5.824048, 3.05806925E9, 500.0, 1231.9408, 0.0, -12994.198,0.0, -3527546.5
5.840049, 2.60038426E9, 500.0, 663.9251, 0.0, -49448.555,0.0, -1533349.0
5.8560495, 2.96019738E9, 500.0, -87.43057, 0.0, -33828.312,0.0, 1900069.6
5.8720503, 3.15435059E9, 500.0, -209.45892, 0.0, 20752.988,0.0, 3574752.2
5.888051, 2.64140134E9, 500.0, 445.66833, 0.0, 51203.01,0.0, 1043192.5
5.904052, 3.02760166E9, 500.0, 1155.4163, 0.0, 27470.262,0.0, -2352819.0
5.9200525, 3.10404915E9, 500.0, 1155.3746, 0.0, -27775.266,0.0, -3455764.8
5.9360533, 2.67865472E9, 500.0, 441.19983, 0.0, -51609.89,0.0, -489165.0
5.952054, 3.19293747E9, 500.0, -220.79648, 0.0, -20765.496,0.0, 2800042.5
5.968055, 3.14487014E9, 500.0, -95.72676, 0.0, 34772.97,0.0, 3309661.8
5.9840555, 2.71755469E9, 500.0, 673.9188, 0.0, 50647.51,0.0, -81719.78
6.0000563, 3.21648922E9, 500.0, 1255.9458, 0.0, 12927.24,0.0, -3124985.2
6.016057, 3.04311603E9, 500.0, 1008.9341, 0.0, -40284.758,0.0, -3003763.5
6.032058, 2.84961024E9, 500.0, 210.95453, 0.0, -49275.88,0.0, 161651.34
6.0480585, 3.33091277E9, 500.0, -285.80325, 0.0, -4918.785,0.0, 3428004.5
6.0640593, 3.03671117E9, 500.0, 82.250854, 0.0, 45525.36,0.0, 2671438.2
6.08006, 2.87636275E9, 500.0, 894.4868, 0.0, 45548.754,0.0, -741365.94
6.0960608, 3.2906455E9, 500.0, 1281.2123, 0.0, -3436.8633,0.0, -3572830.2
6.1120615, 2.89974016E9, 500.0, 807.84033, 0.0, -48682.418,0.0, -2207740.2
6.1280622, 3.00377626E9, 500.0, 3.7503204, 0.0, -41471.22,0.0, 1310486.6
6.144063, 3.33740544E9, 500.0, -270.56635, 0.0, 11700.111,0.0, 3686831.0
6.1600637, 2.86449587E9, 500.0, 303.38156, 0.0, 51410.42,0.0, 1729219.6
6.1760645, 3.2386048E9, 500.0, 1099.2792, 0.0, 36752.69,0.0, -1898439.4
6.1920652, 3.47265459E9, 500.0, 1252.1625, 0.0, -20309.695,0.0, -3770531.8
6.208066, 2.93042765E9, 500.0, 577.71704, 0.0, -53779.656,0.0, -1206695.0
6.2240667, 3.34144538E9, 500.0, -179.05513, 0.0, -30046.648,0.0, 2414677.5
6.2400675, 3.44604493E9, 500.0, -198.44904, 0.0, 28238.39,0.0, 3671458.0
6.256068, 2.9884864E9, 500.0, 546.9832, 0.0, 54585.695,0.0, 605235.5
6.272069, 3.5424832E9, 500.0, 1254.3821, 0.0, 22759.668,0.0, -2921157.2
6.2880697, 3.50644403E9, 500.0, 1135.3912, 0.0, -36119.17,0.0, -3526609.5
6.3040705, 3.04428109E9, 500.0, 325.07758, 0.0, -53767.453,0.0, 24248.998
6.320071, 3.58740685E9, 500.0, -296.6897, 0.0, -14151.835,0.0, 3295810.0
6.336072, 3.40755558E9, 500.0, -41.604782, 0.0, 42412.26,0.0, 3202833.2
6.3520727, 3.19515674E9, 500.0, 803.0447, 0.0, 52267.26,0.0, -168989.23
6.3680735, 3.7198679E9, 500.0, 1330.262, 0.0, 5250.7705,0.0, -3634417.8
6.384074, 3.40147302E9, 500.0, 940.42126, 0.0, -48261.46,0.0, -2834706.5
6.400075, 3.22957773E9, 500.0, 79.51816, 0.0, -48144.96,0.0, 814120.4
6.4160757, 3.67916416E9, 500.0, -325.51685, 0.0, 4044.084,0.0, 3797296.2
6.4320765, 3.25036288E9, 500.0, 181.69687, 0.0, 51797.3,0.0, 2320098.2
6.448077, 3.36490086E9, 500.0, 1032.1929, 0.0, 43435.355,0.0, -1443499.8
6.464078, 3.72015718E9, 500.0, 1310.8171, 0.0, -13211.11,0.0, -3909879.2
6.4800787, 3.20138803E9, 500.0, 693.72687, 0.0, -54636.39,0.0, -1779759.9
6.4960794, 3.60660378E9, 500.0, -142.1742, 0.0, -37899.09,0.0, 2081133.8
6.51208, 3.8444608E9, 500.0, -284.71155, 0.0, 22608.564,0.0, 3972440.2
6.528081, 3.25530035E9, 500.0, 438.54755, 0.0, 56834.016,0.0, 1189757.9
6.5440817, 3.70052198E9, 500.0, 1225.2645, 0.0, 30258.25,0.0, -2631884.2
6.5600824, 3.78924237E9, 500.0, 1220.2887, 0.0, -31137.406,0.0, -3833990.0
6.576083, 3.29671936E9, 500.0, 424.5716, 0.0, -57195.438,0.0, -521009.47
6.592084, 3.88803866E9, 500.0, -299.87445, 0.0, -21999.676,0.0, 3154366.5
6.6080847, 3.81798938E9, 500.0, -144.37016, 0.0, 39373.977,0.0, 3634650.2
6.6240854, 3.33213722E9, 500.0, 713.2878, 0.0, 55693.53,0.0, -169629.94
6.640086, 3.90218778E9, 500.0, 1337.4497, 0.0, 12468.549,0.0, -3524738.8
6.656087, 3.67531008E9, 500.0, 1036.6965, 0.0, -45742.36,0.0, -3245788.0
6.6720877, 3.45982797E9, 500.0, 151.88062, 0.0, -53326.35,0.0, 363873.2
6.6880884, 3.99759488E9, 500.0, -362.5835, 0.0, -2774.9287,0.0, 3838769.5
6.704089, 3.62605722E9, 500.0, 78.22514, 0.0, 51374.266,0.0, 2807522.0
6.72009, 3.70816E9, 500.0, 983.9513, 0.0, 49948.37,0.0, -1082257.8
6.7360907, 4.17601997E9, 500.0, 1375.0687, 0.0, -7400.6826,0.0, -4101771.2
6.7520914, 3.67193702E9, 500.0, 795.3983, 0.0, -56387.38,0.0, -2301967.2
6.768092, 3.81485466E9, 500.0, -100.9948, 0.0, -43852.094,0.0, 1764918.5
6.784093, 4.15935078E9, 500.0, -344.64322, 0.0, 17486.098,0.0, 4157367.0
6.8000937, 3.57015654E9, 500.0, 347.55508, 0.0, 58590.17,0.0, 1660891.1
6.8160944, 4.02195379E9, 500.0, 1210.352, 0.0, 36865.492,0.0, -2428485.0
6.832095, 4.21964902E9, 500.0, 1299.5359, 0.0, -27442.246,0.0, -4139984.2
6.848096, 3.57569792E9, 500.0, 505.09796, 0.0, -59790.07,0.0, -978696.25
6.8640966, 4.0600768E9, 500.0, -286.7708, 0.0, -27837.5,0.0, 2974999.2
6.8800974, 4.08428006E9, 500.0, -214.41876, 0.0, 36113.797,0.0, 3905247.2
6.896098, 3.56452122E9, 500.0, 642.1869, 0.0, 58873.42,0.0, 234605.44
6.912099, 4.1822505E9, 500.0, 1349.1646, 0.0, 18378.646,0.0, -3462866.8
6.9280996, 4.03240013E9, 500.0, 1117.939, 0.0, -44056.44,0.0, -3601464.2
6.9441004, 3.77883622E9, 500.0, 207.25836, 0.0, -57880.527,0.0, 7546.574
6.960101, 4.3903309E9, 500.0, -398.56326, 0.0, -8236.865,0.0, 3902132.2
6.976102, 4.06675456E9, 500.0, -7.2544403, 0.0, 51441.97,0.0, 3218520.5
6.9921026, 3.86070349E9, 500.0, 933.97107, 0.0, 53779.72,0.0, -766231.3
7.0081034, 4.3973458E9, 500.0, 1403.9357, 0.0, -2586.413,0.0, -4143979.5
7.024104, 3.92917658E9, 500.0, 869.5653, 0.0, -56263.066,0.0, -2654917.5
7.040105, 4.04839885E9, 500.0, -68.72879, 0.0, -48594.48,0.0, 1515593.0
7.0561056, 4.4778813E9, 500.0, -392.6099, 0.0, 13440.186,0.0, 4306450.5
7.0721064, 3.89223091E9, 500.0, 275.4253, 0.0, 60018.0,0.0, 2035072.0
7.088107, 4.3453993E9, 500.0, 1198.9926, 0.0, 42117.832,0.0, -2269167.5
7.104108, 4.6324147E9, 500.0, 1362.737, 0.0, -24536.824,0.0, -4384849.0
7.1201086, 3.95965542E9, 500.0, 568.7822, 0.0, -62674.035,0.0, -1341479.9
7.1361094, 4.4696863E9, 500.0, -297.72604, 0.0, -33145.895,0.0, 2921502.0
7.15211, 4.5723981E9, 500.0, -287.5689, 0.0, 34627.51,0.0, 4226129.0
7.168111, 4.00636851E9, 500.0, 592.73505, 0.0, 62987.074,0.0, 553736.94
7.1841116, 4.6829215E9, 500.0, 1381.8993, 0.0, 23275.457,0.0, -3521963.0
7.2001123, 4.5883715E9, 500.0, 1194.7716, 0.0, -44148.008,0.0, -3971500.2
7.216113, 4.16297984E9, 500.0, 241.83563, 0.0, -61924.445,0.0, -238908.36
7.232114, 4.8383683E9, 500.0, -436.5454, 0.0, -12143.43,0.0, 4006148.8
7.2481146, 4.5447071E9, 500.0, -73.455505, 0.0, 52282.055,0.0, 3552552.8
7.2641153, 4.3026099E9, 500.0, 917.4648, 0.0, 58405.89,0.0, -594752.1
7.280116, 4.916715E9, 500.0, 1456.9148, 0.0, 392.82617,0.0, -4338383.5
7.296117, 4.4471383E9, 500.0, 929.97833, 0.0, -58455.82,0.0, -2988222.0
7.3121176, 4.5550566E9, 500.0, -72.10097, 0.0, -53405.71,0.0, 1435682.6
7.3281183, 5.0645115E9, 500.0, -456.19852, 0.0, 11669.287,0.0, 4575827.0
7.344119, 4.4467277E9, 500.0, 226.24675, 0.0, 63395.992,0.0, 2338203.8
7.36012, 4.6360197E9, 500.0, 1200.5449, 0.0, 45350.53,0.0, -2212056.0
7.3761206, 4.9766871E9, 500.0, 1405.1677, 0.0, -23300.832,0.0, -4563510.5
7.3921213, 4.27849498E9, 500.0, 602.29987, 0.0, -64905.605,0.0, -1546667.5
7.408122, 4.8088986E9, 500.0, -312.71805, 0.0, -36234.79,0.0, 2931669.5
7.424123, 4.9556209E9, 500.0, -333.69635, 0.0, 34319.637,0.0, 4441039.0
7.4401236, 4.3555057E9, 500.0, 569.687, 0.0, 65841.25,0.0, 721182.94
7.4561243, 5.0729764E9, 500.0, 1409.2676, 0.0, 25945.012,0.0, -3599815.0
7.472125, 5.0053944E9, 500.0, 1240.5945, 0.0, -44813.418,0.0, -4204385.0
7.488126, 4.4168054E9, 500.0, 256.17603, 0.0, -64161.266,0.0, 146904.02
7.5041265, 5.1178685E9, 500.0, -459.53268, 0.0, -13994.969,0.0, 4079340.0
7.5201273, 4.8362798E9, 500.0, -106.89273, 0.0, 53002.44,0.0, 3727179.8
7.536128, 4.5745956E9, 500.0, 912.95496, 0.0, 60864.89,0.0, -524038.03
7.552129, 5.2302433E9, 500.0, 1486.8379, 0.0, 1700.8164,0.0, -4455667.0
7.5681295, 4.7556623E9, 500.0, 959.2562, 0.0, -59849.195,0.0, -3156354.5
7.5841303, 4.8584704E9, 500.0, -78.01024, 0.0, -55874.07,0.0, 1414713.6
7.600131, 5.4094474E9, 500.0, -490.5497, 0.0, 11030.869,0.0, 4727701.5
7.616132, 4.7704965E9, 500.0, 203.79388, 0.0, 65352.367,0.0, 2484870.2
7.6321325, 4.964225E9, 500.0, 1216.5533, 0.0, 47610.496,0.0, -2243646.8
7.6481333, 5.338816E9, 500.0, 1440.9998, 0.0, -23401.312,0.0, -4737236.0
7.664134, 4.6076472E9, 500.0, 615.8131, 0.0, -67263.14,0.0, -1658502.9
7.680135, 5.1631309E9, 500.0, -337.6077, 0.0, -38082.766,0.0, 3014048.5
7.6961355, 5.3303112E9, 500.0, -367.87396, 0.0, 35164.46,0.0, 4621699.0
7.7121363, 4.6966139E9, 500.0, 566.47974, 0.0, 68399.55,0.0, 787637.25
7.728137, 5.4528876E9, 500.0, 1441.013, 0.0, 27209.863,0.0, -3726692.5
7.744138, 5.3883607E9, 500.0, 1270.068, 0.0, -46342.406,0.0, -4376163.0
7.7601385, 4.7673784E9, 500.0, 248.5946, 0.0, -66698.336,0.0, 132576.33
7.7761393, 5.5100201E9, 500.0, -495.46332, 0.0, -14553.715,0.0, 4240374.5
7.79214, 5.2131318E9, 500.0, -128.96854, 0.0, 55093.844,0.0, 3874735.8
7.8081408, 4.9364879E9, 500.0, 930.86475, 0.0, 63156.297,0.0, -564112.8
7.8241415, 5.6304005E9, 500.0, 1523.8624, 0.0, 1490.4355,0.0, -4637301.5
7.8401423, 5.1248118E9, 500.0, 971.8418, 0.0, -62329.24,0.0, -3266190.2
7.856143, 5.2337377E9, 500.0, -104.867096, 0.0, -57712.734,0.0, 1506705.9
7.8721437, 5.8124882E9, 500.0, -525.4201, 0.0, 12006.695,0.0, 4914297.0
7.8881445, 5.1321472E9, 500.0, 201.99376, 0.0, 68009.6,0.0, 2546557.0
7.9041452, 5.3422694E9, 500.0, 1250.1593, 0.0, 48825.29,0.0, -2380440.8
7.920146, 5.7279949E9, 500.0, 1470.5953, 0.0, -25071.256,0.0, -4912413.0
7.9361467, 4.9530583E9, 500.0, 606.45996, 0.0, -69866.36,0.0, -1665660.8
7.9521475, 5.5418783E9, 500.0, -375.12592, 0.0, -38554.344,0.0, 3184431.8
7.968148, 5.7009321E9, 500.0, -389.47925, 0.0, 37394.508,0.0, 4769768.5
7.984149, 5.0333993E9, 500.0, 586.3764, 0.0, 70717.86,0.0, 738578.25
8.00015, 5.8285629E9, 500.0, 1479.2064, 0.0, 26882.19,0.0, -3916271.5
8.016149, 5.7371935E9, 500.0, 1281.6206, 0.0, -48946.5,0.0, -4483526.0
8.032147, 5.0933125E9, 500.0, 219.70706, 0.0, -68521.516,0.0, 234609.72
8.048146, 5.8670915E9, 500.0, -530.973, 0.0, -13440.234,0.0, 4432783.0
8.064145, 5.5292032E9, 500.0, -129.25357, 0.0, 57849.3,0.0, 3931122.8
8.080144, 5.2504458E9, 500.0, 966.36676, 0.0, 64313.773,0.0, -711137.6
8.096143, 5.9626952E9, 500.0, 1553.5009, 0.0, -325.7539,0.0, -4815604.5
8.112142, 5.409024E9, 500.0, 960.6158, 0.0, -64995.69,0.0, -3265635.5
8.12814, 5.5357338E9, 500.0, -143.97684, 0.0, -58089.402,0.0, 1686611.5
8.144139, 6.1141514E9, 500.0, -546.4564, 0.0, 14378.838,0.0, 5062477.0
8.160138, 5.387028E9, 500.0, 223.96239, 0.0, 70349.875,0.0, 2488006.5
8.176137, 5.9370614E9, 500.0, 1311.2787, 0.0, 49715.11,0.0, -2655577.5
8.192136, 6.3193124E9, 500.0, 1507.3634, 0.0, -28653.873,0.0, -5160156.0
8.208135, 5.4740173E9, 500.0, 575.34674, 0.0, -73723.84,0.0, -1593582.1
8.2241335, 6.1183785E9, 500.0, -437.85303, 0.0, -38137.945,0.0, 3493355.8
8.240132, 6.2414879E9, 500.0, -410.02655, 0.0, 41621.0,0.0, 4952632.5
8.256131, 5.5272008E9, 500.0, 632.5183, 0.0, 73793.07,0.0, 578856.56
8.27213, 6.3783393E9, 500.0, 1538.0337, 0.0, 25171.04,0.0, -4232359.5
8.288129, 6.2235832E9, 500.0, 1283.8185, 0.0, -53456.14,0.0, -4584107.5
8.304128, 5.8511258E9, 500.0, 154.31961, 0.0, -72487.766,0.0, -30431.484
8.320127, 6.7090929E9, 500.0, -609.2744, 0.0, -10853.492,0.0, 4859681.5
8.336125, 6.2751764E9, 500.0, -128.18295, 0.0, 63979.605,0.0, 4048402.0
8.352124, 5.9962245E9, 500.0, 1046.0555, 0.0, 66778.7,0.0, -1043812.8
8.368123, 6.7475794E9, 500.0, 1618.3066, 0.0, -4457.4785,0.0, -5208677.5
8.384122, 6.0839168E9, 500.0, 933.9944, 0.0, -70892.37,0.0, -3255802.0
8.400121, 6.2552044E9, 500.0, -231.20782, 0.0, -58806.29,0.0, 2090336.5
8.41612, 6.8286295E9, 500.0, -591.783, 0.0, 19720.66,0.0, 5386363.0
8.432118, 5.997356E9, 500.0, 274.279, 0.0, 75487.74,0.0, 2349466.2
8.448117, 6.6227533E9, 500.0, 1398.4957, 0.0, 48586.78,0.0, -3096081.0
8.464116, 6.9530378E9, 500.0, 1528.8312, 0.0, -34757.56,0.0, -5384915.5
8.480115, 6.0284114E9, 500.0, 505.31888, 0.0, -77634.53,0.0, -1336074.2
8.496114, 6.7411159E9, 500.0, -517.3544, 0.0, -35228.297,0.0, 3932452.5
8.512113, 6.772437E9, 500.0, -405.27768, 0.0, 47962.344,0.0, 5056499.5
8.528111, 6.0227804E9, 500.0, 716.4559, 0.0, 76107.5,0.0, 222814.81
8.54411, 6.9231652E9, 500.0, 1602.6503, 0.0, 20702.48,0.0, -4631252.0
8.560109, 6.6521016E9, 500.0, 1252.7646, 0.0, -59479.832,0.0, -4555568.5
8.576108, 6.2907233E9, 500.0, 63.614594, 0.0, -72970.664,0.0, 394614.62
8.592107, 7.1607813E9, 500.0, -653.0123, 0.0, -5190.4004,0.0, 5182369.0
8.608106, 6.6064338E9, 500.0, -73.05664, 0.0, 69147.6,0.0, 3887413.2
8.6241045, 6.7000443E9, 500.0, 1151.1702, 0.0, 67073.56,0.0, -1541669.6
8.640103, 7.44578E9, 500.0, 1665.5704, 0.0, -11129.666,0.0, -5568412.0
8.656102, 6.6508595E9, 500.0, 867.281, 0.0, -76705.41,0.0, -3052164.2
8.672101, 6.8915661E9, 500.0, -333.93073, 0.0, -56897.266,0.0, 2620738.5
8.6881, 7.4017915E9, 500.0, -609.5686, 0.0, 27149.297,0.0, 5619933.0
8.704099, 6.4706202E9, 500.0, 362.9566, 0.0, 79708.15,0.0, 2008766.8
8.720098, 7.1769866E9, 500.0, 1489.7102, 0.0, 44599.734,0.0, -3612824.0
8.736096, 7.3941632E9, 500.0, 1514.997, 0.0, -42301.36,0.0, -5469252.0
8.752095, 6.5794109E9, 500.0, 402.08145, 0.0, -80858.805,0.0, -885740.6
8.768094, 7.5444618E9, 500.0, -615.06714, 0.0, -30327.951,0.0, 4498575.0
8.784093, 7.4318817E9, 500.0, -382.32343, 0.0, 56303.695,0.0, 5113055.0
8.800092, 6.81745E9, 500.0, 837.7731, 0.0, 79071.99,0.0, 199818.75
8.816091, 7.7951913E9, 500.0, 1691.1222, 0.0, 14086.611,0.0, -5187344.5
8.832089, 7.3509166E9, 500.0, 1203.814, 0.0, -67933.07,0.0, -4489775.0
8.848088, 7.0202542E9, 500.0, -65.895355, 0.0, -73301.13,0.0, 1008670.56
8.864087, 7.8946115E9, 500.0, -710.8209, 0.0, 3043.8477,0.0, 5623829.0
8.880086, 7.169706E9, 500.0, 9.49054, 0.0, 76287.914,0.0, 3634398.2
8.896085, 7.3461381E9, 500.0, 1277.5961, 0.0, 64689.785,0.0, -2195143.8
8.912084, 8.0234537E9, 500.0, 1687.0171, 0.0, -20286.592,0.0, -5854038.0
8.928082, 7.0925327E9, 500.0, 757.7753, 0.0, -81876.88,0.0, -2630641.0
8.944081, 7.7861089E9, 500.0, -467.8351, 0.0, -53299.484,0.0, 3334293.2
8.96008, 8.1806766E9, 500.0, -618.4133, 0.0, 37291.43,0.0, 5864838.5
8.976079, 7.1379118E9, 500.0, 490.40753, 0.0, 84472.375,0.0, 1493111.9
8.992078, 7.9475507E9, 500.0, 1603.9827, 0.0, 38331.395,0.0, -4285622.5
9.008077, 7.9887882E9, 500.0, 1481.204, 0.0, -52278.54,0.0, -5506530.0
9.0240755, 7.1411615E9, 500.0, 259.13754, 0.0, -82798.97,0.0, -239446.98
9.040074, 8.1647739E9, 500.0, -699.23755, 0.0, -21890.81,0.0, 5070421.5
9.056073, 7.8467799E9, 500.0, -308.05093, 0.0, 65231.773,0.0, 4935393.5
9.072072, 7.4393549E9, 500.0, 987.8888, 0.0, 78922.07,0.0, -522579.3
9.088071, 8.4245509E9, 500.0, 1751.2388, 0.0, 4321.926,0.0, -5670425.0
9.10407, 7.7747999E9, 500.0, 1102.4369, 0.0, -75855.21,0.0, -4162132.5
9.120069, 7.8866964E9, 500.0, -225.7319, 0.0, -71745.086,0.0, 1805731.6
9.136067, 8.7153787E9, 500.0, -756.7788, 0.0, 14018.1,0.0, 6063209.0
9.152066, 7.794665E9, 500.0, 132.35638, 0.0, 83794.914,0.0, 3195484.2
9.168065, 8.0892989E9, 500.0, 1425.429, 0.0, 59851.605,0.0, -3000217.2
9.184064, 8.6302351E9, 500.0, 1685.5851, 0.0, -31841.76,0.0, -6077909.5
9.200063, 7.5695094E9, 500.0, 607.80994, 0.0, -86560.98,0.0, -2005489.2
9.216062, 8.379714E9, 500.0, -590.3787, 0.0, -45542.79,0.0, 4076449.0
9.23206, 8.567126E9, 500.0, -568.7996, 0.0, 48418.473,0.0, 5849258.0
9.248059, 7.6564224E9, 500.0, 654.75574, 0.0, 86865.27,0.0, 733314.1
9.264058, 8.7400069E9, 500.0, 1716.2102, 0.0, 29137.488,0.0, -5007038.5
9.280057, 8.5405435E9, 500.0, 1408.747, 0.0, -63332.914,0.0, -5380026.0
9.296056, 8.0571469E9, 500.0, 78.28552, 0.0, -84645.34,0.0, 91186.1
9.312055, 9.1513498E9, 500.0, -797.866, 0.0, -10964.715,0.0, 5761254.0
9.328053, 8.5695334E9, 500.0, -207.58044, 0.0, 76123.23,0.0, 4671386.0
9.344052, 8.2418924E9, 500.0, 1170.2147, 0.0, 76930.47,0.0, -1436113.9
9.360051, 9.1830723E9, 500.0, 1800.8629, 0.0, -8285.977,0.0, -6159996.0
9.37605, 8.2985226E9, 500.0, 959.9684, 0.0, -84274.5,0.0, -3647492.8
9.392049, 8.5467085E9, 500.0, -393.4612, 0.0, -66017.0,0.0, 2723924.8
9.408048, 9.2239206E9, 500.0, -752.06775, 0.0, 27227.137,0.0, 6304390.5
9.4240465, 8.1427512E9, 500.0, 305.05667, 0.0, 88950.75,0.0, 2470799.0
9.440045, 8.9550572E9, 500.0, 1585.2545, 0.0, 52162.785,0.0, -3919685.0
9.456044, 9.2778322E9, 500.0, 1652.2603, 0.0, -45350.45,0.0, -6187948.0
9.472043, 8.3047813E9, 500.0, 419.40768, 0.0, -90991.24,0.0, -1171098.6
9.488042, 9.4463027E9, 500.0, -738.8866, 0.0, -35636.36,0.0, 4985961.0
9.504041, 9.3553132E9, 500.0, -502.12933, 0.0, 62112.367,0.0, 5803192.5
9.52004, 8.4341652E9, 500.0, 859.3364, 0.0, 88216.81,0.0, -220117.0
9.536038, 9.5771341E9, 500.0, 1818.2509, 0.0, 16473.143,0.0, -5748933.5
9.552037, 9.0732196E9, 500.0, 1287.2168, 0.0, -75163.47,0.0, -5033846.0
9.568036, 8.6807747E9, 500.0, -124.88562, 0.0, -81680.76,0.0, 1124046.6
9.584035, 9.7230377E9, 500.0, -843.52936, 0.0, 3392.7266,0.0, 6266778.0
9.600034, 8.8697928E9, 500.0, -40.858307, 0.0, 85009.73,0.0, 4049844.0
9.616033, 9.0755482E9, 500.0, 1369.5297, 0.0, 71549.49,0.0, -2498745.2
9.632031, 9.875371E9, 500.0, 1813.6957, 0.0, -23393.05,0.0, -6523153.5
9.64803, 8.7738982E9, 500.0, 769.9844, 0.0, -91348.875,0.0, -2878288.0
9.664029, 9.5879537E9, 500.0, -585.2324, 0.0, -58004.137,0.0, 3802957.5
9.680028, 1.00324977E10, 500.0, -727.75977, 0.0, 42934.594,0.0, 6501545.5
9.696027, 9.0010102E9, 500.0, 518.155, 0.0, 94872.73,0.0, 1547843.1
9.712026, 1.01950874E10, 500.0, 1763.2546, 0.0, 41276.773,0.0, -4990093.0
9.7280245, 1.02011259E10, 500.0, 1585.1184, 0.0, -61355.51,0.0, -6185772.0
9.744023, 9.1934536E9, 500.0, 184.7557, 0.0, -93267.68,0.0, -92024.5
9.760022, 1.04317123E10, 500.0, -865.3142, 0.0, -21410.69,0.0, 5875902.5
9.776021, 9.9791534E9, 500.0, -370.4969, 0.0, 76164.586,0.0, 5452961.5
9.79202, 9.5167764E9, 500.0, 1103.4031, 0.0, 87477.64,0.0, -905324.06
9.808019, 1.06822328E10, 500.0, 1909.5875, 0.0, 392.36914,0.0, -6507750.5
9.824018, 9.824897E9, 500.0, 1117.0977, 0.0, -87714.45,0.0, -4469197.0
9.840016, 1.00005151E10, 500.0, -372.97552, 0.0, -77595.04,0.0, 2394560.0
9.856015, 1.09315256E10, 500.0, -893.26855, 0.0, 21116.934,0.0, 6859062.5
9.872014, 9.7722931E9, 500.0, 167.7009, 0.0, 95551.42,0.0, 3260856.2
9.888013, 1.06147615E10, 500.0, 1613.8013, 0.0, 63769.336,0.0, -3824730.2
9.904012, 1.11729377E10, 500.0, 1814.0984, 0.0, -42397.668,0.0, -6904569.0
9.920011, 9.8545428E9, 500.0, 524.47876, 0.0, -99231.0,0.0, -1859133.9
9.936009, 1.08898345E10, 500.0, -788.6112, 0.0, -45394.215,0.0, 5029412.0
9.952008, 1.09657344E10, 500.0, -648.82404, 0.0, 61292.633,0.0, 6489834.0
9.968007, 9.8869187E9, 500.0, 788.09937, 0.0, 97359.55,0.0, 303837.47
9.984006, 1.12036342E10, 500.0, 1906.9908, 0.0, 24856.957,0.0, -6006796.5
10.000005, 1.0782975E10, 500.0, 1432.2775, 0.0, -77433.484,0.0, -5774353.0
10.016004, 1.02657382E10, 500.0, -94.26511, 0.0, -91995.11,0.0, 771345.56
10.032002, 1.15293051E10, 500.0, -964.20496, 0.0, -2850.1602,0.0, 6720437.0
10.048001, 1.06595328E10, 500.0, -171.44467, 0.0, 90228.91,0.0, 4779874.5
10.064, 1.08146811E10, 500.0, 1383.0162, 0.0, 82147.42,0.0, -2351757.2
10.079999, 1.18466478E10, 500.0, 1956.2699, 0.0, -19883.8,0.0, -7136344.0
10.095998, 1.06337219E10, 500.0, 874.2855, 0.0, -99113.49,0.0, -3533178.0
10.111997, 1.15036948E10, 500.0, -642.48956, 0.0, -67955.36,0.0, 3878646.2
10.1279955, 1.21452524E10, 500.0, -880.0679, 0.0, 42521.777,0.0, 7223213.5
10.143994, 1.07441244E10, 500.0, 449.85773, 0.0, 103546.49,0.0, 2068313.0
10.159993, 1.18410404E10, 500.0, 1833.791, 0.0, 48837.156,0.0, -5177160.5
10.175992, 1.19637309E10, 500.0, 1712.0095, 0.0, -62789.32,0.0, -6822506.5
10.191991, 1.08027587E10, 500.0, 218.67499, 0.0, -102061.98,0.0, -430181.84
10.20799, 1.22161797E10, 500.0, -964.9764, 0.0, -27238.44,0.0, 6237148.0
10.223989, 1.179567E10, 500.0, -487.03033, 0.0, 80197.17,0.0, 6091951.5
10.239987, 1.12269834E10, 500.0, 1107.3599, 0.0, 96676.76,0.0, -740597.8
10.255986, 1.25965558E10, 500.0, 2030.1399, 0.0, 3939.334,0.0, -7014652.0
10.271985, 1.16802017E10, 500.0, 1212.7828, 0.0, -94040.09,0.0, -5054063.5
10.287984, 1.18310717E10, 500.0, -415.19272, 0.0, -86394.516,0.0, 2421170.0
10.303983, 1.29573018E10, 500.0, -1024.4707, 0.0, 20208.123,0.0, 7469680.0
10.319982, 1.16613304E10, 500.0, 101.71658, 0.0, 103655.97,0.0, 3738906.8
10.33598, 1.25822566E10, 500.0, 1691.2922, 0.0, 71384.47,0.0, -4044033.2
10.351979, 1.32855368E10, 500.0, 1944.5721, 0.0, -44258.36,0.0, -7566997.0
10.367978, 1.17836083E10, 500.0, 554.36053, 0.0, -108433.33,0.0, -2186090.0
10.383977, 1.29624637E10, 500.0, -895.217, 0.0, -51129.664,0.0, 5425776.5
10.399976, 1.30988995E10, 500.0, -767.03455, 0.0, 65812.16,0.0, 7146584.0
10.415975, 1.18532434E10, 500.0, 797.6575, 0.0, 106868.336,0.0, 447903.94
10.431973, 1.33744876E10, 500.0, 2033.8619, 0.0, 28169.89,0.0, -6548652.0
10.447972, 1.2916138E10, 500.0, 1527.5492, 0.0, -84264.28,0.0, -6367324.5
10.463971, 1.23074816E10, 500.0, -143.18341, 0.0, -100976.695,0.0, 826433.44
10.47997, 1.37802066E10, 500.0, -1100.5315, 0.0, -3401.127,0.0, 7362758.0
10.495969, 1.27823299E10, 500.0, -234.92157, 0.0, 98812.59,0.0, 5255476.5
10.511968, 1.29501962E10, 500.0, 1467.7374, 0.0, 89798.555,0.0, -2604990.8
10.5279665, 1.41513011E10, 500.0, 2090.198, 0.0, -22196.926,0.0, -7824360.0
10.543965, 1.27481242E10, 500.0, 899.7468, 0.0, -108726.12,0.0, -3847142.2
10.559964, 1.37430426E10, 500.0, -756.22656, 0.0, -73574.69,0.0, 4311505.0
10.575963, 1.44743772E10, 500.0, -999.7253, 0.0, 47550.25,0.0, 7897061.0
10.591962, 1.28639027E10, 500.0, 465.39682, 0.0, 113359.2,0.0, 2189785.2
10.607961, 1.4139861E10, 500.0, 1967.0632, 0.0, 51889.152,0.0, -5754902.5
10.62396, 1.42487255E10, 500.0, 1806.5547, 0.0, -70141.734,0.0, -7422412.0
10.639958, 1.29277204E10, 500.0, 162.71332, 0.0, -111212.21,0.0, -344707.28
10.655957, 1.45570355E10, 500.0, -1106.3947, 0.0, -27403.87,0.0, 6911567.5
10.671956, 1.40205445E10, 500.0, -547.6281, 0.0, 89269.34,0.0, 6563510.0
10.687955, 1.33926687E10, 500.0, 1199.5859, 0.0, 104343.734,0.0, -1029480.9
10.703954, 1.49519534E10, 500.0, 2167.375, 0.0, 1147.6719,0.0, -7728072.5
10.719953, 1.38421944E10, 500.0, 1233.425, 0.0,