t, E,n,m
0.01, 977.21216, 1000, 6
0.02, 1949.7018, 2000, 2
0.03, 2917.3154, 3000, 2
0.04, 3879.4019, 4000, 3
0.049999997, 4837.233, 5000, 2
0.059999995, 5790.687, 6000, 2
0.06999999, 6739.548, 7000, 2
0.07999999, 7683.645, 8000, 3
0.08999999, 8624.559, 9000, 2
0.09999999, 9561.535, 10000, 7
0.109999985, 10494.738, 11000, 2
0.11999998, 11425.618, 12000, 1
0.12999998, 12353.787, 13000, 1
0.13999999, 13278.151, 14000, 2
0.14999999, 14198.7705, 15000, 1
0.16, 15116.61, 16000, 1
0.17, 16032.185, 17000, 1
0.18, 16944.805, 18000, 2
0.19000001, 17854.66, 19000, 2
0.20000002, 18762.482, 20000, 2
0.21000002, 19667.27, 21000, 1
0.22000003, 20568.75, 22000, 1
0.23000003, 21467.248, 23000, 2
0.24000004, 22362.682, 24000, 1
0.25000003, 23255.129, 25000, 2
0.26000002, 24145.959, 26000, 1
0.27, 25033.316, 27000, 1
0.28, 25918.424, 28000, 1
0.29, 26802.129, 29000, 1
0.29999998, 27683.377, 30000, 2
0.30999997, 28562.553, 31000, 1
0.31999996, 29440.016, 32000, 2
0.32999995, 30314.889, 33000, 1
0.33999994, 31188.025, 34000, 2
0.34999993, 32058.95, 35000, 2
0.35999992, 32927.938, 36000, 3
0.36999992, 33794.527, 37000, 2
0.3799999, 34659.8, 38000, 3
0.3899999, 35523.895, 39000, 3
0.3999999, 36385.863, 40000, 3
0.40999988, 37246.43, 41000, 3
0.41999987, 38105.414, 42000, 6
0.42999986, 38963.047, 43000, 2
0.43999985, 39819.082, 44000, 4
0.44999984, 40673.3, 45000, 5
0.45999983, 41523.297, 46000, 4
0.46999982, 42372.027, 47000, 6
0.4799998, 43221.76, 48000, 4
0.4899998, 44067.01, 49000, 3
0.4999998, 44910.83, 50000, 3
0.5099998, 45754.215, 51000, 4
0.5199998, 46595.227, 52000, 7
0.5299998, 47434.566, 53000, 7
0.5399998, 48273.082, 54000, 4
0.5499998, 49110.84, 55000, 7
0.55999976, 49948.062, 56000, 6
0.56999975, 50784.145, 57000, 4
0.57999974, 51618.336, 58000, 7
0.58999974, 52453.098, 59000, 7
0.5999997, 53285.633, 60000, 5
0.6099997, 54117.18, 61000, 12
0.6199997, 54948.746, 62000, 3
0.6299997, 55778.477, 63000, 3
0.6399997, 56606.62, 64000, 4
0.6499997, 57433.93, 65000, 8
0.65999967, 58260.598, 66000, 7
0.66999966, 59086.54, 67000, 6
0.67999965, 59912.6, 68000, 8
0.68999964, 60736.418, 69000, 9
0.69999963, 61561.062, 70000, 9
0.7099996, 62383.99, 71000, 5
0.7199996, 63205.785, 72000, 9
0.7299996, 64027.5, 73000, 9
0.7399996, 64847.047, 74000, 3
0.7499996, 65665.3, 75000, 7
0.7599996, 66479.12, 76000, 9
0.76999956, 67295.5, 77000, 9
0.77999955, 68111.35, 78000, 5
0.78999954, 68923.39, 79000, 6
0.79999954, 69736.49, 80000, 9
0.8099995, 70550.92, 81000, 9
0.8199995, 71360.46, 82000, 8
0.8299995, 72170.82, 83000, 6
0.8399995, 72981.08, 84000, 9
0.8499995, 73791.125, 85000, 10
0.8599995, 74599.45, 86000, 10
0.86999947, 75407.61, 87000, 11
0.87999946, 76218.19, 88000, 11
0.88999945, 77022.74, 89000, 10
0.89999944, 77826.86, 90000, 6
0.90999943, 78629.695, 91000, 8
0.9199994, 79435.52, 92000, 11
0.9299994, 80236.516, 93000, 11
0.9399994, 81037.05, 94000, 11
0.9499994, 81837.06, 95000, 11
0.9599994, 82635.625, 96000, 10
0.9699994, 83432.88, 97000, 12
0.97999936, 84229.64, 98000, 12
0.98999935, 85025.49, 99000, 7
0.99999934, 85820.79, 100000, 12
1.0099994, 86615.484, 101000, 12
1.0199994, 87407.7, 102000, 8
1.0299994, 88200.48, 103000, 13
1.0399994, 88989.75, 104000, 9
1.0499994, 89779.32, 105000, 13
1.0599993, 90566.516, 106000, 14
1.0699993, 91354.484, 107000, 8
1.0799993, 92141.55, 108000, 12
1.0899993, 92927.01, 109000, 11
1.0999993, 93712.35, 110000, 10
1.1099993, 94494.47, 111000, 12
1.1199993, 95280.18, 112000, 21
1.1299993, 96061.47, 113000, 15
1.1399993, 96842.945, 114000, 13
1.1499993, 97624.66, 115000, 12
1.1599993, 98406.25, 116000, 13
1.1699992, 99186.64, 117000, 11
1.1799992, 99965.03, 118000, 10
1.1899992, 100740.055, 119000, 10
1.1999992, 101517.32, 120000, 10
1.2099992, 102295.43, 121000, 12
1.2199992, 103070.43, 122000, 12
1.2299992, 103844.805, 123000, 12
1.2399992, 104619.06, 124000, 12
1.2499992, 105392.484, 125000, 9
1.2599992, 106165.65, 126000, 12
1.2699991, 106937.18, 127000, 18
1.2799991, 107707.95, 128000, 9
1.2899991, 108478.54, 129000, 10
1.2999991, 109249.15, 130000, 12
1.3099991, 110018.77, 131000, 10
1.3199991, 110787.91, 132000, 14
1.3299991, 111558.305, 133000, 14
1.3399991, 112327.18, 134000, 11
1.3499991, 113095.92, 135000, 10
1.3599991, 113863.51, 136000, 12
1.369999, 114632.24, 137000, 11
1.379999, 115399.59, 138000, 15
1.389999, 116166.55, 139000, 16
1.399999, 116933.86, 140000, 12
1.409999, 117702.984, 141000, 15
1.419999, 118468.164, 142000, 12
1.429999, 119235.055, 143000, 11
1.439999, 120001.055, 144000, 11
1.449999, 120766.0, 145000, 10
1.459999, 121529.45, 146000, 15
1.469999, 122291.945, 147000, 9
1.479999, 123058.61, 148000, 11
1.4899989, 123821.96, 149000, 12
1.4999989, 124585.27, 150000, 12
1.5099989, 125348.19, 151000, 10
1.5199989, 126111.61, 152000, 10
1.5299989, 126874.79, 153000, 15
1.5399989, 127637.14, 154000, 13
1.5499989, 128399.78, 155000, 14
1.5599989, 129159.94, 156000, 13
1.5699989, 129919.29, 157000, 11
1.5799989, 130678.14, 158000, 12
1.5899988, 131439.78, 159000, 15
1.5999988, 132201.75, 160000, 11
1.6099988, 132952.58, 161000, 12
1.6199988, 133707.23, 162000, 11
1.6299988, 134468.44, 163000, 11
1.6399988, 135219.02, 164000, 13
1.6499988, 135980.17, 165000, 13
1.6599988, 136730.88, 166000, 12
1.6699988, 137493.67, 167000, 9
1.6799988, 138244.6, 168000, 10
1.6899987, 138997.98, 169000, 12
1.6999987, 139749.42, 170000, 10
1.7099987, 140500.66, 171000, 24
1.7199987, 141254.4, 172000, 12
1.7299987, 142005.86, 173000, 13
1.7399987, 142757.44, 174000, 11
1.7499987, 143509.48, 175000, 11
1.7599987, 144265.58, 176000, 12
1.7699987, 145019.19, 177000, 12
1.7799987, 145773.0, 178000, 12
1.7899987, 146526.16, 179000, 11
1.7999986, 147282.86, 180000, 11
1.8099986, 148035.3, 181000, 13
1.8199986, 148790.6, 182000, 13
1.8299986, 149544.88, 183000, 12
1.8399986, 150297.88, 184000, 11
1.8499986, 151051.2, 185000, 12
1.8599986, 151804.58, 186000, 15
1.8699986, 152557.98, 187000, 14
1.8799986, 153314.14, 188000, 14
1.8899986, 154068.25, 189000, 15
1.8999985, 154820.52, 190000, 13
1.9099985, 155571.73, 191000, 14
1.9199985, 156328.38, 192000, 15
1.9299985, 157081.81, 193000, 17
1.9399985, 157834.81, 194000, 13
1.9499985, 158584.0, 195000, 35
1.9599985, 159333.5, 196000, 15
1.9699985, 160084.8, 197000, 14
1.9799985, 160838.03, 198000, 16
1.9899985, 161589.14, 199000, 15
1.9999985, 162339.8, 200000, 15
2.0099986, 163088.36, 201000, 13
2.0199986, 163837.61, 202000, 14
2.0299985, 164588.66, 203000, 14
2.0399985, 165339.14, 204000, 14
2.0499985, 166087.34, 205000, 14
2.0599985, 166838.66, 206000, 23
2.0699985, 167585.14, 207000, 16
2.0799985, 168332.61, 208000, 18
2.0899985, 169078.88, 209000, 17
2.0999985, 169823.25, 210000, 18
2.1099985, 170572.66, 211000, 17
2.1199985, 171319.06, 212000, 16
2.1299984, 172062.16, 213000, 16
2.1399984, 172810.94, 214000, 16
2.1499984, 173557.86, 215000, 23
2.1599984, 174303.58, 216000, 16
2.1699984, 175046.95, 217000, 16
2.1799984, 175794.75, 218000, 16
2.1899984, 176538.14, 219000, 15
2.1999984, 177279.92, 220000, 15
2.2099984, 178022.52, 221000, 15
2.2199984, 178758.89, 222000, 18
2.2299984, 179501.14, 223000, 16
2.2399983, 180242.1, 224000, 18
2.2499983, 180985.78, 225000, 21
2.2599983, 181726.28, 226000, 22
2.2699983, 182471.06, 227000, 18
2.2799983, 183210.6, 228000, 20
2.2899983, 183949.16, 229000, 18
2.2999983, 184692.33, 230000, 19
2.3099983, 185432.77, 231000, 22
2.3199983, 186172.27, 232000, 17
2.3299983, 186916.27, 233000, 18
2.3399982, 187658.17, 234000, 16
2.3499982, 188400.08, 235000, 16
2.3599982, 189133.47, 236000, 17
2.3699982, 189872.77, 237000, 16
2.3799982, 190611.5, 238000, 17
2.3899982, 191347.94, 239000, 17
2.3999982, 192089.14, 240000, 16
2.4099982, 192834.38, 241000, 18
2.4199982, 193581.12, 242000, 17
2.4299982, 194319.28, 243000, 23
2.4399981, 195058.86, 244000, 23
2.4499981, 195799.81, 245000, 20
2.4599981, 196539.23, 246000, 20
2.4699981, 197275.92, 247000, 19
2.479998, 198014.95, 248000, 24
2.489998, 198755.78, 249000, 18
2.499998, 199496.89, 250000, 19
2.509998, 200237.5, 251000, 17
2.519998, 200969.95, 252000, 17
2.529998, 201713.42, 253000, 17
2.539998, 202449.3, 254000, 20
2.549998, 203188.84, 255000, 19
2.559998, 203926.03, 256000, 18
2.569998, 204666.94, 257000, 18
2.579998, 205404.67, 258000, 16
2.589998, 206144.92, 259000, 20
2.599998, 206887.02, 260000, 17
2.609998, 207624.88, 261000, 19
2.619998, 208363.64, 262000, 19
2.629998, 209102.42, 263000, 18
2.639998, 209838.56, 264000, 18
2.649998, 210575.69, 265000, 18
2.659998, 211315.55, 266000, 18
2.669998, 212052.95, 267000, 17
2.679998, 212792.02, 268000, 19
2.689998, 213535.55, 269000, 23
2.699998, 214274.97, 270000, 20
2.709998, 215014.45, 271000, 20
2.719998, 215754.89, 272000, 20
2.7299979, 216494.34, 273000, 20
2.7399979, 217237.2, 274000, 20
2.7499979, 217978.47, 275000, 21
2.7599978, 218716.89, 276000, 17
2.7699978, 219459.16, 277000, 18
2.7799978, 220197.92, 278000, 18
2.7899978, 220943.92, 279000, 22
2.7999978, 221682.89, 280000, 19
2.8099978, 222427.06, 281000, 17
2.8199978, 223168.47, 282000, 18
2.8299978, 223911.55, 283000, 18
2.8399978, 224651.72, 284000, 18
2.8499978, 225389.3, 285000, 19
2.8599977, 226132.03, 286000, 20
2.8699977, 226874.98, 287000, 19
2.8799977, 227619.0, 288000, 18
2.8899977, 228364.6, 289000, 18
2.8999977, 229107.45, 290000, 19
2.9099977, 229851.25, 291000, 18
2.9199977, 230597.34, 292000, 19
2.9299977, 231337.11, 293000, 18
2.9399977, 232072.75, 294000, 20
2.9499977, 232809.88, 295000, 22
2.9599977, 233551.44, 296000, 20
2.9699976, 234296.56, 297000, 21
2.9799976, 235040.58, 298000, 20
2.9899976, 235781.97, 299000, 18
2.9999976, 236528.2, 300000, 18
3.0099976, 237269.16, 301000, 19
3.0199976, 238013.02, 302000, 20
3.0299976, 238754.28, 303000, 23
3.0399976, 239501.38, 304000, 19
3.0499976, 240243.05, 305000, 22
3.0599976, 240985.56, 306000, 23
3.0699975, 241726.25, 307000, 31
3.0799975, 242468.92, 308000, 21
3.0899975, 243214.16, 309000, 20
3.0999975, 243956.98, 310000, 20
3.1099975, 244699.98, 311000, 19
3.1199975, 245443.89, 312000, 19
3.1299975, 246188.8, 313000, 20
3.1399975, 246937.16, 314000, 20
3.1499975, 247680.78, 315000, 21
3.1599975, 248421.34, 316000, 19
3.1699975, 249165.75, 317000, 19
3.1799974, 249909.56, 318000, 20
3.1899974, 250653.81, 319000, 20
3.1999974, 251397.34, 320000, 21
3.2099974, 252145.42, 321000, 20
3.2199974, 252888.78, 322000, 20
3.2299974, 253628.67, 323000, 20
3.2399974, 254370.28, 324000, 21
3.2499974, 255115.2, 325000, 21
3.2599974, 255856.5, 326000, 22
3.2699974, 256602.95, 327000, 21
3.2799973, 257340.31, 328000, 20
3.2899973, 258080.72, 329000, 20
3.2999973, 258823.22, 330000, 23
3.3099973, 259559.95, 331000, 20
3.3199973, 260303.61, 332000, 22
3.3299973, 261048.88, 333000, 20
3.3399973, 261790.33, 334000, 37
3.3499973, 262529.75, 335000, 25
3.3599973, 263267.3, 336000, 22
3.3699973, 264006.66, 337000, 26
3.3799973, 264743.8, 338000, 21
3.3899972, 265483.94, 339000, 22
3.3999972, 266224.38, 340000, 21
3.4099972, 266960.1, 341000, 21
3.4199972, 267692.53, 342000, 20
3.4299972, 268427.66, 343000, 21
3.4399972, 269166.94, 344000, 25
3.4499972, 269906.16, 345000, 22
3.4599972, 270639.5, 346000, 25
3.4699972, 271373.03, 347000, 21
3.4799972, 272104.88, 348000, 21
3.4899971, 272834.72, 349000, 21
3.4999971, 273561.25, 350000, 23
3.5099971, 274294.62, 351000, 27
3.5199971, 275025.6, 352000, 23
3.529997, 275757.94, 353000, 20
3.539997, 276492.62, 354000, 21
3.549997, 277230.78, 355000, 22
3.559997, 277964.0, 356000, 23
3.569997, 278702.94, 357000, 26
3.579997, 279437.72, 358000, 22
3.589997, 280170.28, 359000, 40
3.599997, 280904.88, 360000, 23
3.609997, 281641.8, 361000, 26
3.619997, 282376.44, 362000, 23
3.629997, 283113.2, 363000, 22
3.639997, 283847.72, 364000, 22
3.649997, 284577.66, 365000, 23
3.659997, 285308.56, 366000, 24
3.669997, 286044.84, 367000, 23
3.679997, 286782.28, 368000, 22
3.689997, 287515.5, 369000, 22
3.699997, 288248.06, 370000, 25
3.709997, 288980.0, 371000, 23
3.719997, 289709.25, 372000, 22
3.729997, 290446.3, 373000, 22
3.739997, 291180.94, 374000, 23
3.749997, 291910.75, 375000, 27
3.759997, 292640.2, 376000, 23
3.769997, 293372.47, 377000, 21
3.7799969, 294107.84, 378000, 24
3.7899969, 294839.84, 379000, 24
3.7999969, 295573.44, 380000, 22
3.8099968, 296305.75, 381000, 22
3.8199968, 297042.47, 382000, 39
3.8299968, 297775.56, 383000, 22
3.8399968, 298510.25, 384000, 25
3.8499968, 299243.28, 385000, 26
3.8599968, 299973.22, 386000, 24
3.8699968, 300709.97, 387000, 24
3.8799968, 301439.6, 388000, 23
3.8899968, 302165.16, 389000, 26
3.8999968, 302890.7, 390000, 24
3.9099967, 303617.06, 391000, 25
3.9199967, 304342.16, 392000, 27
3.9299967, 305068.1, 393000, 27
3.9399967, 305802.4, 394000, 24
3.9499967, 306527.94, 395000, 26
3.9599967, 307254.47, 396000, 24
3.9699967, 307983.56, 397000, 25
3.9799967, 308709.94, 398000, 30
3.9899967, 309440.25, 399000, 28
3.9999967, 310169.8, 400000, 25
4.009997, 310901.56, 401000, 25
4.019997, 311631.22, 402000, 24
4.0299973, 312357.34, 403000, 41
4.0399976, 313089.62, 404000, 30
4.049998, 313816.3, 405000, 24
4.059998, 314543.3, 406000, 25
4.0699983, 315264.3, 407000, 25
4.0799985, 315991.5, 408000, 26
4.0899987, 316721.28, 409000, 26
4.099999, 317449.16, 410000, 25
4.109999, 318170.7, 411000, 28
4.1199994, 318894.84, 412000, 23
4.1299996, 319618.53, 413000, 24
4.14, 320341.03, 414000, 27
4.15, 321062.84, 415000, 23
4.1600003, 321781.38, 416000, 29
4.1700006, 322498.88, 417000, 24
4.180001, 323222.44, 418000, 26
4.190001, 323941.2, 419000, 24
4.2000012, 324665.6, 420000, 25
4.2100015, 325385.97, 421000, 26
4.2200017, 326109.34, 422000, 25
4.230002, 326827.56, 423000, 27
4.240002, 327546.94, 424000, 25
4.2500024, 328273.2, 425000, 26
4.2600026, 328996.44, 426000, 25
4.270003, 329714.97, 427000, 28
4.280003, 330439.1, 428000, 26
4.2900033, 331158.44, 429000, 25
4.3000035, 331875.75, 430000, 26
4.3100038, 332596.62, 431000, 23
4.320004, 333318.47, 432000, 27
4.330004, 334040.44, 433000, 26
4.3400044, 334757.38, 434000, 25
4.3500047, 335475.62, 435000, 27
4.360005, 336195.1, 436000, 25
4.370005, 336916.6, 437000, 27
4.3800054, 337640.25, 438000, 26
4.3900056, 338363.03, 439000, 26
4.400006, 339085.6, 440000, 27
4.410006, 339805.4, 441000, 27
4.4200063, 340520.94, 442000, 24
4.4300065, 341242.72, 443000, 48
4.4400067, 341959.47, 444000, 32
4.450007, 342678.53, 445000, 27
4.460007, 343395.2, 446000, 25
4.4700074, 344102.62, 447000, 28
4.4800076, 344823.7, 448000, 26
4.490008, 345542.7, 449000, 35
4.500008, 346257.53, 450000, 26
4.5100083, 346974.97, 451000, 27
4.5200086, 347693.22, 452000, 26
4.530009, 348414.53, 453000, 28
4.540009, 349130.84, 454000, 28
4.5500093, 349841.44, 455000, 26
4.5600095, 350561.2, 456000, 28
4.5700097, 351272.47, 457000, 27
4.58001, 351984.47, 458000, 28
4.59001, 352704.6, 459000, 28
4.6000104, 353425.78, 460000, 28
4.6100106, 354147.94, 461000, 27
4.620011, 354866.06, 462000, 31
4.630011, 355585.6, 463000, 27
4.6400113, 356303.25, 464000, 32
4.6500115, 357020.2, 465000, 26
4.660012, 357740.16, 466000, 27
4.670012, 358455.56, 467000, 27
4.680012, 359175.66, 468000, 29
4.6900125, 359891.72, 469000, 28
4.7000127, 360608.66, 470000, 27
4.710013, 361325.3, 471000, 29
4.720013, 362043.47, 472000, 28
4.7300134, 362761.47, 473000, 30
4.7400136, 363481.16, 474000, 27
4.750014, 364201.3, 475000, 27
4.760014, 364921.1, 476000, 28
4.7700143, 365642.06, 477000, 26
4.7800145, 366366.2, 478000, 28
4.7900147, 367085.66, 479000, 51
4.800015, 367801.5, 480000, 31
4.810015, 368515.22, 481000, 31
4.8200154, 369233.1, 482000, 35
4.8300157, 369947.53, 483000, 28
4.840016, 370662.28, 484000, 28
4.850016, 371374.9, 485000, 27
4.8600163, 372094.34, 486000, 29
4.8700166, 372811.62, 487000, 27
4.880017, 373522.22, 488000, 28
4.890017, 374239.0, 489000, 29
4.9000173, 374954.22, 490000, 29
4.9100175, 375666.03, 491000, 28
4.9200177, 376382.84, 492000, 29
4.930018, 377097.1, 493000, 31
4.940018, 377813.75, 494000, 29
4.9500184, 378529.38, 495000, 32
4.9600186, 379246.47, 496000, 51
4.970019, 379963.66, 497000, 33
4.980019, 380676.12, 498000, 29
4.9900193, 381392.3, 499000, 29
5.0000196, 382102.25, 500000, 30
5.01002, 382815.6, 501000, 29
5.02002, 383531.97, 502000, 30
5.03002, 384241.47, 503000, 31
5.0400205, 384960.3, 504000, 30
5.0500207, 385674.03, 505000, 32
5.060021, 386383.66, 506000, 29
5.070021, 387096.62, 507000, 31
5.0800214, 387809.38, 508000, 29
5.0900216, 388520.0, 509000, 33
5.100022, 389230.0, 510000, 28
5.110022, 389942.44, 511000, 32
5.1200223, 390654.22, 512000, 30
5.1300225, 391368.56, 513000, 59
5.1400228, 392089.75, 514000, 34
5.150023, 392803.66, 515000, 29
5.160023, 393520.34, 516000, 30
5.1700234, 394236.22, 517000, 30
5.1800237, 394949.62, 518000, 32
5.190024, 395666.44, 519000, 37
5.200024, 396375.22, 520000, 36
5.2100244, 397084.8, 521000, 34
5.2200246, 397797.38, 522000, 39
5.230025, 398506.22, 523000, 32
5.240025, 399218.38, 524000, 34
5.2500253, 399928.38, 525000, 34
5.2600255, 400637.4, 526000, 31
5.2700257, 401346.7, 527000, 33
5.280026, 402064.28, 528000, 32
5.290026, 402787.6, 529000, 59
5.3000264, 403502.3, 530000, 31
5.3100266, 404214.62, 531000, 31
5.320027, 404925.03, 532000, 32
5.330027, 405637.06, 533000, 32
5.3400273, 406353.6, 534000, 33
5.3500276, 407072.8, 535000, 31
5.360028, 407785.0, 536000, 38
5.370028, 408498.75, 537000, 33
5.3800282, 409211.28, 538000, 31
5.3900285, 409922.0, 539000, 31
5.4000287, 410635.6, 540000, 34
5.410029, 411346.62, 541000, 35
5.420029, 412054.6, 542000, 34
5.4300294, 412767.0, 543000, 34
5.4400296, 413479.8, 544000, 32
5.45003, 414192.03, 545000, 31
5.46003, 414909.97, 546000, 35
5.4700303, 415625.56, 547000, 33
5.4800305, 416343.56, 548000, 32
5.490031, 417050.75, 549000, 31
5.500031, 417762.78, 550000, 35
5.510031, 418470.12, 551000, 32
5.5200315, 419179.12, 552000, 32
5.5300317, 419889.72, 553000, 32
5.540032, 420600.4, 554000, 34
5.550032, 421318.4, 555000, 35
5.5600324, 422036.3, 556000, 35
5.5700326, 422752.7, 557000, 36
5.580033, 423466.78, 558000, 34
5.590033, 424175.38, 559000, 34
5.6000333, 424883.06, 560000, 36
5.6100335, 425594.94, 561000, 32
5.6200337, 426307.94, 562000, 38
5.630034, 427020.62, 563000, 33
5.640034, 427730.62, 564000, 32
5.6500344, 428444.66, 565000, 34
5.6600347, 429162.0, 566000, 35
5.670035, 429879.06, 567000, 34
5.680035, 430593.06, 568000, 35
5.6900353, 431298.8, 569000, 36
5.7000356, 432005.38, 570000, 31
5.710036, 432716.56, 571000, 35
5.720036, 433427.4, 572000, 34
5.7300363, 434135.34, 573000, 36
5.7400365, 434840.22, 574000, 36
5.7500367, 435554.06, 575000, 34
5.760037, 436269.47, 576000, 33
5.770037, 436990.72, 577000, 35
5.7800374, 437708.6, 578000, 39
5.7900376, 438422.2, 579000, 35
5.800038, 439133.5, 580000, 33
5.810038, 439841.12, 581000, 34
5.8200383, 440549.8, 582000, 33
5.8300385, 441263.47, 583000, 34
5.840039, 441977.75, 584000, 36
5.850039, 442686.78, 585000, 36
5.860039, 443400.7, 586000, 35
5.8700395, 444117.53, 587000, 35
5.8800397, 444830.5, 588000, 34
5.89004, 445549.16, 589000, 63
5.90004, 446270.47, 590000, 34
5.9100404, 446984.12, 591000, 36
5.9200406, 447700.03, 592000, 33
5.930041, 448406.7, 593000, 34
5.940041, 449118.66, 594000, 35
5.9500413, 449837.56, 595000, 34
5.9600415, 450554.7, 596000, 33
5.9700418, 451271.62, 597000, 41
5.980042, 451985.75, 598000, 35
5.990042, 452700.6, 599000, 35
6.0000424, 453415.25, 600000, 35
6.0100427, 454137.78, 601000, 38
6.020043, 454856.56, 602000, 36
6.030043, 455575.53, 603000, 60
6.0400434, 456291.9, 604000, 35
6.0500436, 457005.6, 605000, 35
6.060044, 457723.88, 606000, 39
6.070044, 458438.75, 607000, 34
6.0800443, 459157.25, 608000, 37
6.0900445, 459872.88, 609000, 39
6.1000447, 460586.12, 610000, 38
6.110045, 461300.4, 611000, 38
6.120045, 462014.94, 612000, 36
6.1300454, 462729.22, 613000, 43
6.1400456, 463439.88, 614000, 34
6.150046, 464155.7, 615000, 37
6.160046, 464871.7, 616000, 38
6.1700463, 465584.16, 617000, 44
6.1800466, 466299.03, 618000, 39
6.190047, 467011.75, 619000, 40
6.200047, 467727.16, 620000, 36
6.2100472, 468442.2, 621000, 35
6.2200475, 469162.1, 622000, 35
6.2300477, 469877.47, 623000, 36
6.240048, 470588.5, 624000, 36
6.250048, 471298.6, 625000, 42
6.2600484, 472007.3, 626000, 43
6.2700486, 472719.5, 627000, 36
6.280049, 473431.94, 628000, 36
6.290049, 474141.1, 629000, 42
6.3000493, 474851.12, 630000, 66
6.3100495, 475557.1, 631000, 37
6.32005, 476264.22, 632000, 41
6.33005, 476976.47, 633000, 39
6.34005, 477686.75, 634000, 37
6.3500504, 478399.06, 635000, 40
6.3600507, 479109.12, 636000, 36
6.370051, 479821.6, 637000, 41
6.380051, 480527.9, 638000, 37
6.3900514, 481235.38, 639000, 37
6.4000516, 481939.62, 640000, 37
6.410052, 482642.06, 641000, 37
6.420052, 483347.44, 642000, 36
6.4300523, 484054.72, 643000, 66
6.4400525, 484762.62, 644000, 36
6.4500527, 485472.8, 645000, 45
6.460053, 486178.38, 646000, 44
6.470053, 486876.1, 647000, 39
6.4800534, 487578.94, 648000, 44
6.4900537, 488282.5, 649000, 37
6.500054, 488990.84, 650000, 36
6.510054, 489688.0, 651000, 41
6.5200543, 490390.97, 652000, 37
6.5300546, 491093.34, 653000, 39
6.540055, 491793.66, 654000, 38
6.550055, 492498.8, 655000, 38
6.5600553, 493196.94, 656000, 63
6.5700555, 493899.06, 657000, 39
6.5800557, 494598.97, 658000, 42
6.590056, 495299.47, 659000, 38
6.600056, 496000.97, 660000, 38
6.6100564, 496702.9, 661000, 37
6.6200566, 497409.62, 662000, 39
6.630057, 498115.97, 663000, 36
6.640057, 498820.0, 664000, 43
6.6500573, 499525.22, 665000, 39
6.6600575, 500229.66, 666000, 39
6.670058, 500935.53, 667000, 38
6.680058, 501636.38, 668000, 40
6.690058, 502337.34, 669000, 45
6.7000585, 503034.88, 670000, 39
6.7100587, 503733.78, 671000, 38
6.720059, 504429.84, 672000, 37
6.730059, 505132.78, 673000, 42
6.7400594, 505832.97, 674000, 42
6.7500596, 506538.5, 675000, 43
6.76006, 507244.06, 676000, 41
6.77006, 507948.9, 677000, 37
6.7800603, 508647.3, 678000, 38
6.7900605, 509345.0, 679000, 45
6.8000607, 510045.97, 680000, 37
6.810061, 510748.0, 681000, 71
6.820061, 511446.75, 682000, 40
6.8300614, 512144.1, 683000, 40
6.8400617, 512846.03, 684000, 40
6.850062, 513543.0, 685000, 40
6.860062, 514243.9, 686000, 39
6.8700624, 514948.0, 687000, 41
6.8800626, 515647.97, 688000, 45
6.890063, 516347.44, 689000, 45
6.900063, 517044.47, 690000, 44
6.9100633, 517742.06, 691000, 41
6.9200635, 518438.34, 692000, 40
6.9300637, 519135.12, 693000, 66
6.940064, 519834.4, 694000, 41
6.950064, 520531.66, 695000, 39
6.9600644, 521230.4, 696000, 41
6.9700646, 521923.97, 697000, 46
6.980065, 522621.5, 698000, 43
6.990065, 523320.88, 699000, 42
7.0000653, 524016.7, 700000, 42
7.0100656, 524723.25, 701000, 41
7.020066, 525435.56, 702000, 46
7.030066, 526117.7, 703000, 43
7.0400662, 526795.8, 704000, 45
7.0500665, 527470.6, 705000, 67
7.0600667, 528155.5, 706000, 47
7.070067, 528841.56, 707000, 40
7.080067, 529531.44, 708000, 40
7.0900674, 530227.8, 709000, 45
7.1000676, 530912.75, 710000, 40
7.110068, 531595.56, 711000, 40
7.120068, 532280.06, 712000, 43
7.1300683, 532981.06, 713000, 43
7.1400685, 533679.9, 714000, 40
7.1500688, 534382.25, 715000, 42
7.160069, 535079.56, 716000, 43
7.170069, 535771.5, 717000, 65
7.1800694, 536477.25, 718000, 42
7.1900697, 537172.0, 719000, 51
7.20007, 537865.4, 720000, 45
7.21007, 538555.2, 721000, 42
7.2200704, 539245.94, 722000, 47
7.2300706, 539934.25, 723000, 45
7.240071, 540623.7, 724000, 54
7.250071, 541311.0, 725000, 48
7.2600713, 541998.3, 726000, 43
7.2700715, 542686.1, 727000, 51
7.2800717, 543373.4, 728000, 41
7.290072, 544062.2, 729000, 53
7.300072, 544749.0, 730000, 41
7.3100724, 545442.3, 731000, 46
7.3200727, 546134.56, 732000, 46
7.330073, 546821.06, 733000, 44
7.340073, 547512.56, 734000, 47
7.3500733, 548209.5, 735000, 43
7.3600736, 548900.3, 736000, 46
7.370074, 549592.06, 737000, 45
7.380074, 550275.75, 738000, 40
7.3900743, 550967.2, 739000, 40
7.4000745, 551665.25, 740000, 69
7.4100747, 552366.9, 741000, 39
7.420075, 553055.75, 742000, 43
7.430075, 553745.56, 743000, 42
7.4400754, 554439.94, 744000, 44
7.4500756, 555136.7, 745000, 44
7.460076, 555827.0, 746000, 42
7.470076, 556522.7, 747000, 45
7.4800763, 557200.6, 748000, 44
7.4900765, 557884.94, 749000, 49
7.500077, 558585.6, 750000, 40
7.510077, 559276.94, 751000, 68
7.520077, 559966.4, 752000, 48
7.5300775, 560658.8, 753000, 41
7.5400777, 561345.9, 754000, 45
7.550078, 562021.25, 755000, 47
7.560078, 562694.25, 756000, 40
7.5700784, 563382.4, 757000, 45
7.5800786, 564071.0, 758000, 44
7.590079, 564755.2, 759000, 43
7.600079, 565454.4, 760000, 47
7.6100793, 566145.1, 761000, 47
7.6200795, 566830.75, 762000, 68
7.6300797, 567515.06, 763000, 45
7.64008, 568195.2, 764000, 48
7.65008, 568880.06, 765000, 44
7.6600804, 569566.0, 766000, 43
7.6700807, 570249.4, 767000, 48
7.680081, 570936.8, 768000, 46
7.690081, 571634.9, 769000, 43
7.7000813, 572327.44, 770000, 41
7.7100816, 573016.9, 771000, 46
7.720082, 573702.9, 772000, 51
7.730082, 574390.4, 773000, 73
7.7400823, 575073.0, 774000, 43
7.7500825, 575753.4, 775000, 47
7.7600827, 576431.9, 776000, 52
7.770083, 577119.8, 777000, 46
7.780083, 577805.4, 778000, 46
7.7900834, 578485.2, 779000, 44
7.8000836, 579176.06, 780000, 48
7.810084, 579865.4, 781000, 44
7.820084, 580560.4, 782000, 43
7.8300843, 581262.0, 783000, 43
7.8400846, 581952.56, 784000, 79
7.850085, 582640.1, 785000, 46
7.860085, 583315.75, 786000, 46
7.8700852, 584008.75, 787000, 45
7.8800855, 584660.75, 788000, 45
7.8900857, 585380.4, 789000, 43
7.900086, 586077.9, 790000, 43
7.910086, 586770.25, 791000, 44
7.9200864, 587460.5, 792000, 46
7.9300866, 588146.8, 793000, 44
7.940087, 588794.3, 794000, 46
7.950087, 589457.75, 795000, 50
7.9600873, 590152.2, 796000, 48
7.9700875, 590838.25, 797000, 48
7.9800878, 591529.75, 798000, 46
7.990088, 592230.6, 799000, 48
8.000088, 592917.1, 800000, 46
8.010088, 593609.1, 801000, 44
8.020088, 594273.8, 802000, 44
8.030088, 594973.94, 803000, 44
8.040089, 595648.4, 804000, 48
8.050089, 596305.6, 805000, 74
8.060089, 596971.5, 806000, 47
8.070089, 597657.25, 807000, 56
8.08009, 598319.94, 808000, 51
8.09009, 599005.9, 809000, 55
8.10009, 599704.7, 810000, 50
8.11009, 600381.7, 811000, 45
8.1200905, 601052.1, 812000, 54
8.130091, 601725.44, 813000, 49
8.140091, 602399.56, 814000, 48
8.150091, 603076.7, 815000, 68
8.160091, 603741.75, 816000, 46
8.170092, 604421.8, 817000, 48
8.180092, 605104.75, 818000, 47
8.190092, 605791.8, 819000, 46
8.200092, 606480.6, 820000, 52
8.210093, 607147.7, 821000, 53
8.220093, 607817.6, 822000, 47
8.230093, 608490.2, 823000, 47
8.240093, 609166.5, 824000, 48
8.250093, 609839.7, 825000, 53
8.260094, 610522.0, 826000, 46
8.270094, 611189.4, 827000, 43
8.280094, 611879.25, 828000, 52
8.290094, 612579.25, 829000, 44
8.300095, 613256.1, 830000, 47
8.310095, 613937.06, 831000, 47
8.320095, 614599.4, 832000, 52
8.330095, 615291.25, 833000, 44
8.3400955, 615949.94, 834000, 50
8.350096, 616644.6, 835000, 50
8.360096, 617324.9, 836000, 52
8.370096, 618002.06, 837000, 49
8.380096, 618694.8, 838000, 53
8.390097, 619358.4, 839000, 50
8.400097, 620054.06, 840000, 47
8.410097, 620729.56, 841000, 50
8.420097, 621414.44, 842000, 52
8.430098, 622087.6, 843000, 49
8.440098, 622761.25, 844000, 46
8.450098, 623428.3, 845000, 46
8.460098, 624092.1, 846000, 61
8.4700985, 624753.5, 847000, 50
8.480099, 625445.4, 848000, 50
8.490099, 626129.06, 849000, 48
8.500099, 626793.5, 850000, 50
8.510099, 627457.3, 851000, 46
8.5201, 628136.6, 852000, 48
8.5301, 628816.1, 853000, 47
8.5401, 629507.44, 854000, 54
8.5501, 630202.3, 855000, 47
8.560101, 630862.75, 856000, 47
8.570101, 631503.9, 857000, 52
8.580101, 632180.25, 858000, 50
8.590101, 632862.25, 859000, 54
8.600101, 633553.5, 860000, 50
8.610102, 634236.56, 861000, 47
8.620102, 634906.75, 862000, 49
8.630102, 635580.56, 863000, 48
8.640102, 636257.7, 864000, 56
8.650103, 636923.9, 865000, 75
8.660103, 637600.25, 866000, 47
8.670103, 638277.8, 867000, 51
8.680103, 638957.5, 868000, 50
8.690104, 639637.6, 869000, 59
8.700104, 640310.5, 870000, 50
8.710104, 640993.75, 871000, 47
8.720104, 641674.56, 872000, 53
8.730104, 642350.25, 873000, 47
8.740105, 643012.0, 874000, 52
8.750105, 643682.06, 875000, 80
8.760105, 644346.06, 876000, 52
8.770105, 645025.3, 877000, 49
8.780106, 645711.2, 878000, 58
8.790106, 646390.9, 879000, 48
8.800106, 647069.9, 880000, 48
8.810106, 647748.06, 881000, 52
8.8201065, 648422.5, 882000, 50
8.830107, 649106.1, 883000, 55
8.840107, 649771.2, 884000, 71
8.850107, 650440.0, 885000, 53
8.860107, 651108.9, 886000, 57
8.870108, 651781.94, 887000, 53
8.880108, 652458.5, 888000, 48
8.890108, 653132.44, 889000, 51
8.900108, 653801.1, 890000, 47
8.910109, 654481.75, 891000, 55
8.920109, 655163.2, 892000, 50
8.930109, 655835.3, 893000, 53
8.940109, 656511.6, 894000, 58
8.9501095, 657193.8, 895000, 52
8.96011, 657870.44, 896000, 51
8.97011, 658542.75, 897000, 49
8.98011, 659192.3, 898000, 50
8.99011, 659887.56, 899000, 52
9.000111, 660569.6, 900000, 54
9.010111, 661253.44, 901000, 54
9.020111, 661934.7, 902000, 53
9.030111, 662618.1, 903000, 69
9.040112, 663293.06, 904000, 47
9.050112, 663963.6, 905000, 54
9.060112, 664635.75, 906000, 51
9.070112, 665307.0, 907000, 50
9.080112, 665982.94, 908000, 53
9.090113, 666650.25, 909000, 52
9.100113, 667324.8, 910000, 56
9.110113, 668013.5, 911000, 51
9.120113, 668693.2, 912000, 76
9.130114, 669368.75, 913000, 48
9.140114, 670048.7, 914000, 48
9.150114, 670702.1, 915000, 53
9.160114, 671391.2, 916000, 53
9.1701145, 672042.25, 917000, 53
9.180115, 672715.94, 918000, 50
9.190115, 673405.06, 919000, 52
9.200115, 674080.9, 920000, 54
9.210115, 674769.5, 921000, 73
9.220116, 675411.75, 922000, 45
9.230116, 676063.3, 923000, 55
9.240116, 676746.56, 924000, 53
9.250116, 677408.7, 925000, 55
9.260117, 678065.06, 926000, 58
9.270117, 678732.44, 927000, 57
9.280117, 679409.2, 928000, 53
9.290117, 680077.1, 929000, 58
9.3001175, 680736.25, 930000, 76
9.310118, 681411.75, 931000, 46
9.320118, 682091.3, 932000, 55
9.330118, 682764.5, 933000, 55
9.340118, 683438.6, 934000, 58
9.350119, 684107.4, 935000, 60
9.360119, 684783.25, 936000, 55
9.370119, 685456.44, 937000, 50
9.380119, 686149.75, 938000, 56
9.39012, 686825.9, 939000, 77
9.40012, 687481.3, 940000, 47
9.41012, 688154.56, 941000, 45
9.42012, 688827.3, 942000, 46
9.43012, 689509.3, 943000, 47
9.440121, 690158.75, 944000, 47
9.450121, 690815.94, 945000, 46
9.460121, 691479.7, 946000, 45
9.470121, 692137.94, 947000, 45
9.480122, 692810.0, 948000, 71
9.490122, 693475.2, 949000, 48
9.500122, 694142.8, 950000, 47
9.510122, 694814.8, 951000, 46
9.520123, 695489.2, 952000, 47
9.530123, 696157.8, 953000, 48
9.540123, 696831.8, 954000, 47
9.550123, 697491.0, 955000, 47
9.560123, 698147.5, 956000, 47
9.570124, 698807.0, 957000, 53
9.580124, 699459.94, 958000, 50
9.590124, 700117.1, 959000, 48
9.600124, 700775.94, 960000, 51
9.610125, 701432.3, 961000, 48
9.620125, 702095.1, 962000, 47
9.630125, 702757.6, 963000, 48
9.640125, 703414.4, 964000, 48
9.6501255, 704070.0, 965000, 70
9.660126, 704720.2, 966000, 49
9.670126, 705368.3, 967000, 48
9.680126, 706027.5, 968000, 49
9.690126, 706686.75, 969000, 48
9.700127, 707349.3, 970000, 48
9.710127, 708005.94, 971000, 52
9.720127, 708662.8, 972000, 48
9.730127, 709322.9, 973000, 49
9.740128, 709968.5, 974000, 75
9.750128, 710624.5, 975000, 49
9.760128, 711272.9, 976000, 48
9.770128, 711922.2, 977000, 48
9.7801285, 712573.3, 978000, 48
9.790129, 713221.7, 979000, 49
9.800129, 713875.75, 980000, 48
9.810129, 714531.06, 981000, 48
9.820129, 715188.9, 982000, 48
9.83013, 715845.7, 983000, 50
9.84013, 716494.25, 984000, 49
9.85013, 717145.56, 985000, 48
9.86013, 717790.56, 986000, 49
9.870131, 718433.56, 987000, 48
9.880131, 719071.7, 988000, 47
9.890131, 719722.1, 989000, 48
9.900131, 720367.9, 990000, 48
9.910131, 721013.2, 991000, 73
9.920132, 721653.44, 992000, 52
9.930132, 722291.5, 993000, 50
9.940132, 722933.44, 994000, 49
9.950132, 723573.2, 995000, 52
9.960133, 724215.1, 996000, 49
9.970133, 724865.0, 997000, 50
9.980133, 725516.94, 998000, 50
9.990133, 726160.9, 999000, 83
10.0001335, 726811.3, 1000000, 50
10.010134, 727454.44, 1001000, 50
10.020134, 728107.4, 1002000, 53
10.030134, 728751.1, 1003000, 52
10.040134, 729387.2, 1004000, 55
10.050135, 730025.8, 1005000, 54
10.060135, 730666.44, 1006000, 52
10.070135, 731308.8, 1007000, 56
10.080135, 731955.0, 1008000, 55
10.090136, 732597.3, 1009000, 54
10.100136, 733236.2, 1010000, 54
10.110136, 733877.06, 1011000, 53
10.120136, 734523.2, 1012000, 53
10.1301365, 735159.6, 1013000, 54
10.140137, 735804.0, 1014000, 55
10.150137, 736446.25, 1015000, 53
10.160137, 737092.1, 1016000, 60
10.170137, 737737.2, 1017000, 56
10.180138, 738388.0, 1018000, 57
10.190138, 739035.6, 1019000, 50
10.200138, 739676.1, 1020000, 54
10.210138, 740312.5, 1021000, 54
10.220139, 740957.25, 1022000, 53
10.230139, 741591.1, 1023000, 52
10.240139, 742227.2, 1024000, 51
10.250139, 742872.8, 1025000, 50
10.260139, 743518.75, 1026000, 50
10.27014, 744156.1, 1027000, 50
10.28014, 744783.3, 1028000, 49
10.29014, 745421.3, 1029000, 50
10.30014, 746052.44, 1030000, 49
10.310141, 746689.9, 1031000, 50
10.320141, 747317.75, 1032000, 76
10.330141, 747956.2, 1033000, 53
10.340141, 748595.06, 1034000, 55
10.350142, 749227.0, 1035000, 51
10.360142, 749863.8, 1036000, 57
10.370142, 750503.25, 1037000, 53
10.380142, 751136.5, 1038000, 52
10.390142, 751772.3, 1039000, 49
10.400143, 752412.06, 1040000, 78
10.410143, 753043.5, 1041000, 49
10.420143, 753680.0, 1042000, 51
10.430143, 754316.9, 1043000, 50
10.440144, 754960.3, 1044000, 50
10.450144, 755597.4, 1045000, 50
10.460144, 756234.8, 1046000, 49
10.470144, 756869.2, 1047000, 50
10.4801445, 757502.1, 1048000, 53
10.490145, 758132.6, 1049000, 50
10.500145, 758762.4, 1050000, 51
10.510145, 759392.1, 1051000, 51
10.520145, 760020.3, 1052000, 50
10.530146, 760659.94, 1053000, 52
10.540146, 761300.5, 1054000, 51
10.550146, 761932.56, 1055000, 51
10.560146, 762568.25, 1056000, 51
10.570147, 763197.75, 1057000, 51
10.580147, 763829.25, 1058000, 50
10.590147, 764454.5, 1059000, 52
10.600147, 765081.6, 1060000, 51
10.610147, 765715.7, 1061000, 51
10.620148, 766353.4, 1062000, 52
10.630148, 766985.1, 1063000, 78
10.640148, 767611.5, 1064000, 52
10.650148, 768246.0, 1065000, 52
10.660149, 768870.4, 1066000, 51
10.670149, 769497.9, 1067000, 52
10.680149, 770123.75, 1068000, 52
10.690149, 770749.4, 1069000, 51
10.70015, 771378.6, 1070000, 51
10.71015, 772011.9, 1071000, 77
10.72015, 772643.9, 1072000, 51
10.73015, 773279.2, 1073000, 53
10.74015, 773913.94, 1074000, 51
10.750151, 774543.0, 1075000, 52
10.760151, 775173.5, 1076000, 52
10.770151, 775794.9, 1077000, 51
10.780151, 776414.6, 1078000, 52
10.790152, 777038.75, 1079000, 53
10.800152, 777667.3, 1080000, 52
10.810152, 778298.06, 1081000, 52
10.820152, 778931.1, 1082000, 51
10.8301525, 779562.5, 1083000, 52
10.840153, 780188.56, 1084000, 53
10.850153, 780814.8, 1085000, 52
10.860153, 781434.1, 1086000, 80
10.870153, 782057.3, 1087000, 53
10.880154, 782682.9, 1088000, 52
10.890154, 783317.2, 1089000, 52
10.900154, 783946.06, 1090000, 52
10.910154, 784580.25, 1091000, 53
10.920155, 785202.6, 1092000, 53
10.930155, 785814.44, 1093000, 52
10.940155, 786436.44, 1094000, 81
10.950155, 787065.0, 1095000, 53
10.9601555, 787703.25, 1096000, 53
10.970156, 788337.75, 1097000, 53
10.980156, 788964.0, 1098000, 53
10.990156, 789593.4, 1099000, 53
11.000156, 790216.06, 1100000, 54
11.010157, 790835.75, 1101000, 81
11.020157, 791465.6, 1102000, 56
11.030157, 792087.5, 1103000, 55
11.040157, 792717.6, 1104000, 55
11.050158, 793339.9, 1105000, 57
11.060158, 793982.4, 1106000, 56
11.070158, 794612.7, 1107000, 54
11.080158, 795238.56, 1108000, 53
11.090158, 795860.06, 1109000, 84
11.100159, 796481.25, 1110000, 57
11.110159, 797111.3, 1111000, 56
11.120159, 797732.6, 1112000, 57
11.130159, 798354.1, 1113000, 57
11.14016, 798981.1, 1114000, 55
11.15016, 799608.75, 1115000, 55
11.16016, 800239.0, 1116000, 83
11.17016, 800851.9, 1117000, 55
11.1801605, 801472.0, 1118000, 55
11.190161, 802096.25, 1119000, 56
11.200161, 802717.25, 1120000, 55
11.210161, 803342.5, 1121000, 54
11.220161, 803967.75, 1122000, 54
11.230162, 804595.94, 1123000, 54
11.240162, 805216.4, 1124000, 59
11.250162, 805836.94, 1125000, 55
11.260162, 806448.94, 1126000, 54
11.270163, 807069.06, 1127000, 56
11.280163, 807682.56, 1128000, 55
11.290163, 808304.06, 1129000, 55
11.300163, 808932.1, 1130000, 56
11.3101635, 809569.9, 1131000, 85
11.320164, 810187.06, 1132000, 56
11.330164, 810805.44, 1133000, 55
11.340164, 811422.94, 1134000, 55
11.350164, 812035.6, 1135000, 56
11.360165, 812654.44, 1136000, 56
11.370165, 813275.2, 1137000, 57
11.380165, 813891.06, 1138000, 84
11.390165, 814510.6, 1139000, 57
11.400166, 815128.1, 1140000, 56
11.410166, 815756.5, 1141000, 57
11.420166, 816374.44, 1142000, 58
11.430166, 816994.2, 1143000, 56
11.440166, 817613.5, 1144000, 57
11.450167, 818231.1, 1145000, 83
11.460167, 818845.56, 1146000, 60
11.470167, 819456.25, 1147000, 56
11.480167, 820076.2, 1148000, 57
11.490168, 820694.1, 1149000, 58
11.500168, 821312.3, 1150000, 57
11.510168, 821925.8, 1151000, 56
11.520168, 822544.2, 1152000, 84
11.530169, 823165.44, 1153000, 57
11.540169, 823785.0, 1154000, 56
11.550169, 824402.06, 1155000, 57
11.560169, 825024.56, 1156000, 58
11.570169, 825642.75, 1157000, 58
11.58017, 826253.06, 1158000, 57
11.59017, 826866.25, 1159000, 56
11.60017, 827478.3, 1160000, 55
11.61017, 828095.75, 1161000, 58
11.620171, 828721.2, 1162000, 57
11.630171, 829342.8, 1163000, 55
11.640171, 829965.3, 1164000, 57
11.650171, 830584.4, 1165000, 60
11.6601715, 831207.0, 1166000, 57
11.670172, 831816.0, 1167000, 59
11.680172, 832429.6, 1168000, 56
11.690172, 833046.44, 1169000, 61
11.700172, 833655.06, 1170000, 58
11.710173, 834276.6, 1171000, 56
11.720173, 834887.44, 1172000, 56
11.730173, 835500.94, 1173000, 56
11.740173, 836115.4, 1174000, 60
11.750174, 836733.75, 1175000, 57
11.760174, 837348.5, 1176000, 57
11.770174, 837956.4, 1177000, 57
11.780174, 838570.4, 1178000, 58
11.7901745, 839183.1, 1179000, 57
11.800175, 839796.25, 1180000, 58
11.810175, 840407.25, 1181000, 59
11.820175, 841016.0, 1182000, 58
11.830175, 841631.94, 1183000, 56
11.840176, 842239.44, 1184000, 57
11.850176, 842849.8, 1185000, 56
11.860176, 843454.8, 1186000, 58
11.870176, 844063.56, 1187000, 85
11.880177, 844665.1, 1188000, 58
11.890177, 845255.44, 1189000, 59
11.900177, 845863.94, 1190000, 57
11.910177, 846465.7, 1191000, 58
11.920177, 847067.9, 1192000, 63
11.930178, 847671.94, 1193000, 58
11.940178, 848270.4, 1194000, 87
11.950178, 848870.75, 1195000, 58
11.960178, 849474.6, 1196000, 56
11.970179, 850075.5, 1197000, 57
11.980179, 850677.44, 1198000, 58
11.990179, 851287.2, 1199000, 58
12.000179, 851889.5, 1200000, 58
12.0101795, 852491.9, 1201000, 88
12.02018, 853101.2, 1202000, 64
12.03018, 853701.56, 1203000, 59
12.04018, 854303.8, 1204000, 58
12.05018, 854901.9, 1205000, 58
12.060181, 855496.8, 1206000, 58
12.070181, 856096.44, 1207000, 59
12.080181, 856687.3, 1208000, 88
12.090181, 857288.1, 1209000, 57
12.100182, 857894.9, 1210000, 57
12.110182, 858493.56, 1211000, 59
12.120182, 859103.5, 1212000, 59
12.130182, 859704.56, 1213000, 58
12.1401825, 860298.4, 1214000, 59
12.150183, 860896.75, 1215000, 59
12.160183, 861494.6, 1216000, 60
12.170183, 862089.2, 1217000, 58
12.180183, 862691.9, 1218000, 58
12.190184, 863292.56, 1219000, 61
12.200184, 863894.8, 1220000, 59
12.210184, 864504.3, 1221000, 89
12.220184, 865108.3, 1222000, 58
12.230185, 865711.1, 1223000, 60
12.240185, 866307.3, 1224000, 58
12.250185, 866907.94, 1225000, 61
12.260185, 867498.3, 1226000, 58
12.270185, 868091.75, 1227000, 58
12.280186, 868692.25, 1228000, 61
12.290186, 869294.4, 1229000, 60
12.300186, 869898.0, 1230000, 59
12.310186, 870493.44, 1231000, 61
12.320187, 871103.44, 1232000, 61
12.330187, 871701.75, 1233000, 63
12.340187, 872301.5, 1234000, 91
12.350187, 872904.8, 1235000, 59
12.360188, 873508.0, 1236000, 59
12.370188, 874104.4, 1237000, 60
12.380188, 874709.56, 1238000, 60
12.390188, 875310.5, 1239000, 61
12.400188, 875920.44, 1240000, 62
12.410189, 876530.75, 1241000, 60
12.420189, 877133.44, 1242000, 59
12.430189, 877741.75, 1243000, 61
12.440189, 878338.25, 1244000, 60
12.45019, 878932.3, 1245000, 58
12.46019, 879529.6, 1246000, 60
12.47019, 880129.1, 1247000, 89
12.48019, 880731.06, 1248000, 60
12.4901905, 881332.94, 1249000, 59
12.500191, 881923.3, 1250000, 62
12.510191, 882527.7, 1251000, 59
12.520191, 883122.4, 1252000, 61
12.530191, 883715.75, 1253000, 91
12.540192, 884305.25, 1254000, 60
12.550192, 884897.2, 1255000, 61
12.560192, 885499.1, 1256000, 76
12.570192, 886102.25, 1257000, 66
12.580193, 886702.06, 1258000, 60
12.590193, 887304.6, 1259000, 92
12.600193, 887907.44, 1260000, 62
12.610193, 888501.7, 1261000, 62
12.6201935, 889097.9, 1262000, 59
12.630194, 889695.2, 1263000, 62
12.640194, 890284.9, 1264000, 60
12.650194, 890890.8, 1265000, 61
12.660194, 891481.94, 1266000, 61
12.670195, 892083.8, 1267000, 60
12.680195, 892685.9, 1268000, 62
12.690195, 893295.56, 1269000, 60
12.700195, 893898.75, 1270000, 62
12.710196, 894500.3, 1271000, 61
12.720196, 895096.3, 1272000, 92
12.730196, 895693.5, 1273000, 61
12.740196, 896293.2, 1274000, 60
12.750196, 896894.6, 1275000, 61
12.760197, 897495.4, 1276000, 61
12.770197, 898093.94, 1277000, 62
12.780197, 898697.44, 1278000, 92
12.790197, 899296.25, 1279000, 63
12.800198, 899903.56, 1280000, 62
12.810198, 900502.25, 1281000, 62
12.820198, 901100.4, 1282000, 60
12.830198, 901711.94, 1283000, 61
12.8401985, 902309.1, 1284000, 92
12.850199, 902906.56, 1285000, 62
12.860199, 903518.2, 1286000, 62
12.870199, 904119.3, 1287000, 62
12.880199, 904717.3, 1288000, 61
12.8902, 905323.75, 1289000, 62
12.9002, 905928.5, 1290000, 92
12.9102, 906523.44, 1291000, 62
12.9202, 907121.0, 1292000, 64
12.930201, 907731.0, 1293000, 61
12.940201, 908328.3, 1294000, 66
12.950201, 908931.0, 1295000, 63
12.960201, 909530.75, 1296000, 93
12.9702015, 910121.94, 1297000, 63
12.980202, 910715.4, 1298000, 62
12.990202, 911314.7, 1299000, 62
13.000202, 911918.2, 1300000, 61
13.010202, 912521.06, 1301000, 62
13.020203, 913113.44, 1302000, 98
13.030203, 913716.44, 1303000, 62
13.040203, 914311.5, 1304000, 63
13.050203, 914909.6, 1305000, 62
13.060204, 915505.56, 1306000, 63
13.070204, 916102.56, 1307000, 62
13.080204, 916699.75, 1308000, 94
13.090204, 917300.8, 1309000, 63
13.100204, 917908.5, 1310000, 62
13.110205, 918515.94, 1311000, 63
13.120205, 919117.06, 1312000, 62
13.130205, 919709.8, 1313000, 63
13.140205, 920306.0, 1314000, 94
13.150206, 920903.94, 1315000, 63
13.160206, 921506.5, 1316000, 65
13.170206, 922110.9, 1317000, 62
13.180206, 922715.06, 1318000, 63
13.190207, 923312.56, 1319000, 64
13.200207, 923927.2, 1320000, 94
13.210207, 924541.7, 1321000, 64
13.220207, 925153.75, 1322000, 62
13.230207, 925761.94, 1323000, 64
13.240208, 926357.44, 1324000, 65
13.250208, 926959.56, 1325000, 64
13.260208, 927563.25, 1326000, 93
13.270208, 928167.1, 1327000, 63
13.280209, 928765.8, 1328000, 66
13.290209, 929363.6, 1329000, 65
13.300209, 929977.4, 1330000, 64
13.310209, 930585.4, 1331000, 65
13.3202095, 931197.4, 1332000, 98
13.33021, 931798.1, 1333000, 66
13.34021, 932400.56, 1334000, 65
13.35021, 933006.1, 1335000, 66
13.36021, 933603.75, 1336000, 65
13.370211, 934201.5, 1337000, 65
13.380211, 934808.44, 1338000, 97
13.390211, 935407.56, 1339000, 66
13.400211, 936007.94, 1340000, 66
13.410212, 936613.6, 1341000, 66
13.420212, 937222.2, 1342000, 67
13.430212, 937812.9, 1343000, 66
13.440212, 938413.5, 1344000, 100
13.4502125, 939009.7, 1345000, 64
13.460213, 939605.6, 1346000, 66
13.470213, 940207.56, 1347000, 64
13.480213, 940809.7, 1348000, 65
13.490213, 941407.6, 1349000, 67
13.500214, 942006.4, 1350000, 104
13.510214, 942600.2, 1351000, 71
13.520214, 943197.44, 1352000, 71
13.530214, 943806.8, 1353000, 66
13.540215, 944411.6, 1354000, 66
13.550215, 945010.0, 1355000, 66
13.560215, 945614.0, 1356000, 67
13.570215, 946207.2, 1357000, 66
13.580215, 946797.25, 1358000, 68
13.590216, 947393.44, 1359000, 65
13.600216, 947989.5, 1360000, 67
13.610216, 948585.9, 1361000, 100
13.620216, 949193.8, 1362000, 68
13.630217, 949799.8, 1363000, 67
13.640217, 950401.8, 1364000, 67
13.650217, 951003.1, 1365000, 68
13.660217, 951603.1, 1366000, 67
13.6702175, 952200.1, 1367000, 68
13.680218, 952796.7, 1368000, 67
13.690218, 953398.5, 1369000, 67
13.700218, 953994.75, 1370000, 69
13.710218, 954596.3, 1371000, 68
13.720219, 955202.0, 1372000, 102
13.730219, 955807.7, 1373000, 67
13.740219, 956414.2, 1374000, 67
13.750219, 957013.5, 1375000, 68
13.76022, 957614.8, 1376000, 67
13.77022, 958213.94, 1377000, 101
13.78022, 958814.8, 1378000, 66
13.79022, 959410.4, 1379000, 66
13.8002205, 960007.06, 1380000, 67
13.810221, 960605.6, 1381000, 68
13.820221, 961207.2, 1382000, 67
13.830221, 961806.25, 1383000, 68
13.840221, 962404.7, 1384000, 67
13.850222, 963002.8, 1385000, 65
13.860222, 963603.1, 1386000, 67
13.870222, 964193.44, 1387000, 67
13.880222, 964782.2, 1388000, 118
13.890223, 965379.25, 1389000, 68
13.900223, 965975.1, 1390000, 67
13.910223, 966570.75, 1391000, 67
13.920223, 967161.9, 1392000, 67
13.930223, 967754.75, 1393000, 68
13.940224, 968349.8, 1394000, 101
13.950224, 968940.75, 1395000, 68
13.960224, 969533.9, 1396000, 67
13.970224, 970121.94, 1397000, 68
13.980225, 970702.25, 1398000, 67
13.990225, 971285.4, 1399000, 67
14.000225, 971875.7, 1400000, 102
14.010225, 972468.06, 1401000, 68
14.020226, 973054.7, 1402000, 71
14.030226, 973646.7, 1403000, 67
14.040226, 974230.4, 1404000, 67
14.050226, 974820.9, 1405000, 67
14.060226, 975405.2, 1406000, 101
14.070227, 975991.7, 1407000, 67
14.080227, 976576.1, 1408000, 68
14.090227, 977167.5, 1409000, 67
14.100227, 977756.1, 1410000, 67
14.110228, 978341.06, 1411000, 66
14.120228, 978923.0, 1412000, 103
14.130228, 979522.2, 1413000, 66
14.140228, 980112.6, 1414000, 68
14.1502285, 980702.25, 1415000, 68
14.160229, 981295.6, 1416000, 67
14.170229, 981888.7, 1417000, 67
14.180229, 982483.7, 1418000, 102
14.190229, 983085.4, 1419000, 67
14.20023, 983686.25, 1420000, 67
14.21023, 984274.25, 1421000, 68
14.22023, 984871.6, 1422000, 68
14.23023, 985469.3, 1423000, 68
14.240231, 986062.9, 1424000, 102
14.250231, 986652.9, 1425000, 67
14.260231, 987247.44, 1426000, 67
14.270231, 987836.7, 1427000, 67
14.280231, 988442.56, 1428000, 67
14.290232, 989041.0, 1429000, 67
14.300232, 989645.44, 1430000, 102
14.310232, 990245.7, 1431000, 67
14.320232, 990845.8, 1432000, 72
14.330233, 991443.56, 1433000, 70
14.340233, 992039.1, 1434000, 69
14.350233, 992638.44, 1435000, 68
14.360233, 993229.3, 1436000, 102
14.370234, 993817.56, 1437000, 69
14.380234, 994417.6, 1438000, 68
14.390234, 995017.8, 1439000, 67
14.400234, 995622.8, 1440000, 67
14.410234, 996215.8, 1441000, 67
14.420235, 996819.5, 1442000, 102
14.430235, 997415.7, 1443000, 67
14.440235, 998015.4, 1444000, 67
14.450235, 998610.2, 1445000, 68
14.460236, 999203.3, 1446000, 68
14.470236, 999803.4, 1447000, 68
14.480236, 1000409.94, 1448000, 105
14.490236, 1001003.06, 1449000, 70
14.5002365, 1001596.2, 1450000, 68
14.510237, 1002193.9, 1451000, 69
14.520237, 1002784.25, 1452000, 70
14.530237, 1003378.06, 1453000, 71
14.540237, 1003969.6, 1454000, 105
14.550238, 1004563.6, 1455000, 70
14.560238, 1005165.56, 1456000, 70
14.570238, 1005759.1, 1457000, 72
14.580238, 1006365.8, 1458000, 75
14.590239, 1006961.06, 1459000, 73
14.600239, 1007562.9, 1460000, 107
14.610239, 1008164.2, 1461000, 69
14.620239, 1008765.3, 1462000, 69
14.6302395, 1009364.8, 1463000, 69
14.64024, 1009961.94, 1464000, 70
14.65024, 1010562.25, 1465000, 69
14.66024, 1011154.06, 1466000, 70
14.67024, 1011749.2, 1467000, 69
14.680241, 1012345.5, 1468000, 69
14.690241, 1012944.44, 1469000, 69
14.700241, 1013549.7, 1470000, 70
14.710241, 1014147.3, 1471000, 103
14.720242, 1014744.75, 1472000, 69
14.730242, 1015341.44, 1473000, 69
14.740242, 1015942.44, 1474000, 69
14.750242, 1016537.56, 1475000, 70
14.760242, 1017146.94, 1476000, 70
14.770243, 1017743.6, 1477000, 70
14.780243, 1018347.0, 1478000, 70
14.790243, 1018933.56, 1479000, 69
14.800243, 1019538.6, 1480000, 70
14.810244, 1020142.6, 1481000, 70
14.820244, 1020740.5, 1482000, 105
14.830244, 1021339.25, 1483000, 69
14.840244, 1021940.7, 1484000, 69
14.8502445, 1022532.44, 1485000, 72
14.860245, 1023130.56, 1486000, 70
14.870245, 1023725.56, 1487000, 69
14.880245, 1024320.4, 1488000, 74
14.890245, 1024913.06, 1489000, 70
14.900246, 1025501.6, 1490000, 70
14.910246, 1026091.0, 1491000, 70
14.920246, 1026690.3, 1492000, 71
14.930246, 1027282.75, 1493000, 107
14.940247, 1027867.4, 1494000, 72
14.950247, 1028451.4, 1495000, 71
14.960247, 1029049.6, 1496000, 71
14.970247, 1029633.0, 1497000, 71
14.9802475, 1030206.5, 1498000, 107
14.990248, 1030794.25, 1499000, 70
15.000248, 1031381.44, 1500000, 70
15.010248, 1031965.25, 1501000, 71
15.020248, 1032541.4, 1502000, 71
15.030249, 1033119.4, 1503000, 70
15.040249, 1033702.1, 1504000, 87
15.050249, 1034272.4, 1505000, 72
15.060249, 1034852.2, 1506000, 71
15.07025, 1035425.2, 1507000, 71
15.08025, 1035999.25, 1508000, 71
15.09025, 1036577.25, 1509000, 108
15.10025, 1037157.44, 1510000, 75
15.11025, 1037735.56, 1511000, 71
15.120251, 1038312.25, 1512000, 75
15.130251, 1038884.5, 1513000, 71
15.140251, 1039458.5, 1514000, 73
15.150251, 1040032.06, 1515000, 108
15.160252, 1040610.94, 1516000, 71
15.170252, 1041182.9, 1517000, 73
15.180252, 1041766.56, 1518000, 71
15.190252, 1042350.44, 1519000, 72
15.200253, 1042929.9, 1520000, 73
15.210253, 1043501.56, 1521000, 112
15.220253, 1044080.6, 1522000, 74
15.230253, 1044658.0, 1523000, 74
15.240253, 1045233.94, 1524000, 74
15.250254, 1045800.7, 1525000, 73
15.260254, 1046374.9, 1526000, 74
15.270254, 1046947.0, 1527000, 113
15.280254, 1047520.2, 1528000, 75
15.290255, 1048104.75, 1529000, 74
15.300255, 1048693.1, 1530000, 73
15.310255, 1049310.8, 1531000, 74
15.320255, 1049938.9, 1532000, 76
15.3302555, 1050560.2, 1533000, 112
15.340256, 1051152.1, 1534000, 74
15.350256, 1051729.5, 1535000, 76
15.360256, 1052298.4, 1536000, 76
15.370256, 1052860.2, 1537000, 72
15.380257, 1053412.9, 1538000, 76
15.390257, 1053974.8, 1539000, 109
15.400257, 1054533.9, 1540000, 75
15.410257, 1055081.8, 1541000, 75
15.420258, 1055629.0, 1542000, 74
15.430258, 1056177.1, 1543000, 73
15.440258, 1056721.8, 1544000, 76
15.450258, 1057254.9, 1545000, 112
15.4602585, 1057814.8, 1546000, 79
15.470259, 1058366.6, 1547000, 76
15.480259, 1058927.2, 1548000, 77
15.490259, 1059502.9, 1549000, 74
15.500259, 1060076.5, 1550000, 75
15.51026, 1060652.5, 1551000, 112
15.52026, 1061216.5, 1552000, 77
15.53026, 1061777.8, 1553000, 75
15.54026, 1062334.6, 1554000, 74
15.550261, 1062890.4, 1555000, 76
15.560261, 1063450.4, 1556000, 75
15.570261, 1063997.4, 1557000, 113
15.580261, 1064555.8, 1558000, 77
15.590261, 1065125.4, 1559000, 76
15.600262, 1065689.9, 1560000, 75
15.610262, 1066254.5, 1561000, 76
15.620262, 1066799.5, 1562000, 77
15.630262, 1067367.4, 1563000, 119
15.640263, 1067913.0, 1564000, 76
15.650263, 1068473.5, 1565000, 75
15.660263, 1069029.8, 1566000, 75
15.670263, 1069595.5, 1567000, 74
15.6802635, 1070159.4, 1568000, 113
15.690264, 1070735.0, 1569000, 74
15.700264, 1071314.1, 1570000, 76
15.710264, 1071901.0, 1571000, 74
15.720264, 1072490.5, 1572000, 75
15.730265, 1073081.2, 1573000, 73
15.740265, 1073676.1, 1574000, 111
15.750265, 1074257.1, 1575000, 77
15.760265, 1074834.2, 1576000, 77
15.770266, 1075403.9, 1577000, 74
15.780266, 1075994.0, 1578000, 76
15.790266, 1076560.5, 1579000, 112
15.800266, 1077144.1, 1580000, 76
15.8102665, 1077745.0, 1581000, 74
15.820267, 1078312.8, 1582000, 76
15.830267, 1078905.0, 1583000, 74
15.840267, 1079481.0, 1584000, 76
15.850267, 1080084.1, 1585000, 115
15.860268, 1080662.2, 1586000, 76
15.870268, 1081258.5, 1587000, 77
15.880268, 1081826.4, 1588000, 75
15.890268, 1082402.9, 1589000, 75
15.900269, 1082975.6, 1590000, 113
15.910269, 1083556.1, 1591000, 77
15.920269, 1084130.9, 1592000, 75
15.930269, 1084686.2, 1593000, 74
15.940269, 1085258.9, 1594000, 78
15.95027, 1085814.0, 1595000, 76
15.96027, 1086374.8, 1596000, 112
15.97027, 1086918.9, 1597000, 75
15.98027, 1087490.8, 1598000, 77
15.990271, 1088045.4, 1599000, 77
16.00027, 1088607.8, 1600000, 76
16.010271, 1089170.2, 1601000, 112
16.020271, 1089719.8, 1602000, 76
16.030272, 1090286.8, 1603000, 76
16.040272, 1090846.2, 1604000, 78
16.050272, 1091411.1, 1605000, 76
16.060272, 1091983.5, 1606000, 77
16.070272, 1092525.4, 1607000, 79
16.080273, 1093085.4, 1608000, 77
16.090273, 1093630.2, 1609000, 77
16.100273, 1094194.5, 1610000, 75
16.110273, 1094725.8, 1611000, 80
16.120274, 1095265.5, 1612000, 117
16.130274, 1095815.9, 1613000, 80
16.140274, 1096348.2, 1614000, 81
16.150274, 1096896.8, 1615000, 76
16.160275, 1097426.1, 1616000, 75
16.170275, 1097963.9, 1617000, 113
16.180275, 1098509.8, 1618000, 77
16.190275, 1099064.9, 1619000, 79
16.200275, 1099612.6, 1620000, 76
16.210276, 1100181.8, 1621000, 75
16.220276, 1100740.6, 1622000, 116
16.230276, 1101283.2, 1623000, 76
16.240276, 1101811.2, 1624000, 77
16.250277, 1102370.1, 1625000, 75
16.260277, 1102929.5, 1626000, 75
16.270277, 1103481.4, 1627000, 76
16.280277, 1104022.0, 1628000, 77
16.290277, 1104570.9, 1629000, 77
16.300278, 1105100.6, 1630000, 77
16.310278, 1105648.5, 1631000, 75
16.320278, 1106187.5, 1632000, 77
16.330278, 1106712.2, 1633000, 77
16.340279, 1107254.8, 1634000, 77
16.350279, 1107799.5, 1635000, 78
16.36028, 1108333.4, 1636000, 78
16.37028, 1108867.6, 1637000, 77
16.38028, 1109410.0, 1638000, 119
16.39028, 1109953.6, 1639000, 78
16.40028, 1110518.0, 1640000, 77
16.41028, 1111046.6, 1641000, 76
16.42028, 1111604.9, 1642000, 76
16.43028, 1112168.8, 1643000, 115
16.44028, 1112716.4, 1644000, 78
16.450281, 1113259.5, 1645000, 78
16.460281, 1113791.6, 1646000, 78
16.470282, 1114317.0, 1647000, 77
16.480282, 1114850.2, 1648000, 117
16.490282, 1115410.6, 1649000, 78
16.500282, 1115953.4, 1650000, 77
16.510283, 1116518.2, 1651000, 76
16.520283, 1117062.4, 1652000, 78
16.530283, 1117618.5, 1653000, 115
16.540283, 1118181.6, 1654000, 78
16.550283, 1118742.6, 1655000, 77
16.560284, 1119293.8, 1656000, 78
16.570284, 1119862.8, 1657000, 81
16.580284, 1120418.5, 1658000, 117
16.590284, 1120965.9, 1659000, 86
16.600285, 1121515.2, 1660000, 84
16.610285, 1122083.6, 1661000, 79
16.620285, 1122638.1, 1662000, 80
16.630285, 1123189.0, 1663000, 116
16.640285, 1123764.5, 1664000, 78
16.650286, 1124337.1, 1665000, 78
16.660286, 1124899.9, 1666000, 79
16.670286, 1125452.4, 1667000, 79
16.680286, 1125997.8, 1668000, 79
16.690287, 1126566.9, 1669000, 80
16.700287, 1127119.2, 1670000, 78
16.710287, 1127682.4, 1671000, 79
16.720287, 1128246.0, 1672000, 79
16.730288, 1128809.9, 1673000, 79
16.740288, 1129348.0, 1674000, 79
16.750288, 1129893.9, 1675000, 78
16.760288, 1130439.1, 1676000, 78
16.770288, 1130975.4, 1677000, 80
16.780289, 1131522.1, 1678000, 79
16.790289, 1132065.5, 1679000, 79
16.80029, 1132609.4, 1680000, 79
16.81029, 1133144.2, 1681000, 78
16.82029, 1133683.1, 1682000, 77
16.83029, 1134224.9, 1683000, 78
16.84029, 1134761.9, 1684000, 80
16.85029, 1135309.6, 1685000, 80
16.86029, 1135853.0, 1686000, 80
16.87029, 1136407.9, 1687000, 80
16.880291, 1136967.4, 1688000, 80
16.890291, 1137517.1, 1689000, 81
16.900291, 1138071.2, 1690000, 79
16.910292, 1138626.4, 1691000, 79
16.920292, 1139184.0, 1692000, 79
16.930292, 1139734.5, 1693000, 81
16.940292, 1140283.9, 1694000, 81
16.950293, 1140809.0, 1695000, 81
16.960293, 1141338.2, 1696000, 82
16.970293, 1141872.5, 1697000, 78
16.980293, 1142425.0, 1698000, 83
16.990294, 1142964.0, 1699000, 83
17.000294, 1143507.8, 1700000, 83
17.010294, 1144066.8, 1701000, 82
17.020294, 1144628.5, 1702000, 85
17.030294, 1145193.8, 1703000, 84
17.040295, 1145769.0, 1704000, 80
17.050295, 1146336.5, 1705000, 83
17.060295, 1146895.9, 1706000, 83
17.070295, 1147468.1, 1707000, 83
17.080296, 1148015.4, 1708000, 87
17.090296, 1148568.0, 1709000, 83
17.100296, 1149102.8, 1710000, 82
17.110296, 1149641.1, 1711000, 81
17.120296, 1150180.0, 1712000, 80
17.130297, 1150733.4, 1713000, 83
17.140297, 1151286.6, 1714000, 83
17.150297, 1151849.2, 1715000, 83
17.160297, 1152399.8, 1716000, 83
17.170298, 1152965.1, 1717000, 83
17.180298, 1153519.1, 1718000, 84
17.190298, 1154056.1, 1719000, 81
17.200298, 1154606.9, 1720000, 83
17.210299, 1155178.6, 1721000, 83
17.220299, 1155745.0, 1722000, 83
17.230299, 1156296.0, 1723000, 85
17.2403, 1156857.6, 1724000, 84
17.2503, 1157437.5, 1725000, 84
17.2603, 1157996.2, 1726000, 83
17.2703, 1158569.9, 1727000, 79
17.2803, 1159145.5, 1728000, 81
17.2903, 1159714.4, 1729000, 83
17.3003, 1160280.5, 1730000, 80
17.3103, 1160833.8, 1731000, 85
17.320301, 1161388.9, 1732000, 83
17.330301, 1161947.5, 1733000, 85
17.340302, 1162501.5, 1734000, 85
17.350302, 1163060.2, 1735000, 84
17.360302, 1163619.2, 1736000, 83
17.370302, 1164162.5, 1737000, 81
17.380302, 1164729.9, 1738000, 82
17.390303, 1165283.5, 1739000, 123
17.400303, 1165849.2, 1740000, 82
17.410303, 1166411.8, 1741000, 82
17.420303, 1166964.5, 1742000, 83
17.430304, 1167514.5, 1743000, 82
17.440304, 1168058.0, 1744000, 85
17.450304, 1168605.9, 1745000, 82
17.460304, 1169163.6, 1746000, 87
17.470304, 1169712.0, 1747000, 83
17.480305, 1170261.4, 1748000, 89
17.490305, 1170813.2, 1749000, 84
17.500305, 1171364.0, 1750000, 82
17.510305, 1171915.4, 1751000, 83
17.520306, 1172470.6, 1752000, 83
17.530306, 1173029.1, 1753000, 83
17.540306, 1173580.5, 1754000, 84
17.550306, 1174131.6, 1755000, 84
17.560307, 1174685.5, 1756000, 82
17.570307, 1175220.4, 1757000, 83
17.580307, 1175781.6, 1758000, 84
17.590307, 1176351.8, 1759000, 85
17.600307, 1176914.9, 1760000, 84
17.610308, 1177484.4, 1761000, 83
17.620308, 1178030.6, 1762000, 83
17.630308, 1178585.0, 1763000, 127
17.640308, 1179147.9, 1764000, 90
17.650309, 1179688.5, 1765000, 82
17.660309, 1180248.1, 1766000, 84
17.67031, 1180812.0, 1767000, 84
17.68031, 1181375.5, 1768000, 125
17.69031, 1181929.0, 1769000, 84
17.70031, 1182486.8, 1770000, 84
17.71031, 1183043.4, 1771000, 84
17.72031, 1183613.4, 1772000, 83
17.73031, 1184185.0, 1773000, 83
17.74031, 1184761.0, 1774000, 85
17.75031, 1185337.6, 1775000, 84
17.760311, 1185907.4, 1776000, 82
17.770311, 1186463.8, 1777000, 83
17.780312, 1187024.5, 1778000, 83
17.790312, 1187588.1, 1779000, 85
17.800312, 1188145.6, 1780000, 83
17.810312, 1188699.4, 1781000, 82
17.820312, 1189240.4, 1782000, 83
17.830313, 1189772.8, 1783000, 83
17.840313, 1190300.8, 1784000, 85
17.850313, 1190852.2, 1785000, 82
17.860313, 1191421.4, 1786000, 87
17.870314, 1191983.5, 1787000, 83
17.880314, 1192513.9, 1788000, 84
17.890314, 1193058.0, 1789000, 128
17.900314, 1193594.0, 1790000, 86
17.910315, 1194141.0, 1791000, 85
17.920315, 1194691.0, 1792000, 84
17.930315, 1195250.4, 1793000, 89
17.940315, 1195789.1, 1794000, 130
17.950315, 1196344.4, 1795000, 85
17.960316, 1196922.4, 1796000, 84
17.970316, 1197484.0, 1797000, 84
17.980316, 1198031.5, 1798000, 83
17.990316, 1198577.1, 1799000, 127
18.000317, 1199128.9, 1800000, 83
18.010317, 1199671.8, 1801000, 85
18.020317, 1200221.1, 1802000, 84
18.030317, 1200775.4, 1803000, 83
18.040318, 1201300.1, 1804000, 131
18.050318, 1201860.2, 1805000, 84
18.060318, 1202421.2, 1806000, 86
18.070318, 1202985.0, 1807000, 85
18.080318, 1203534.4, 1808000, 85
18.090319, 1204077.8, 1809000, 127
18.100319, 1204611.0, 1810000, 85
18.11032, 1205181.0, 1811000, 88
18.12032, 1205727.4, 1812000, 84
18.13032, 1206265.6, 1813000, 84
18.14032, 1206821.4, 1814000, 127
18.15032, 1207362.2, 1815000, 84
18.16032, 1207873.0, 1816000, 84
18.17032, 1208453.9, 1817000, 85
18.18032, 1209013.0, 1818000, 84
18.190321, 1209547.2, 1819000, 126
18.200321, 1210093.8, 1820000, 86
18.210321, 1210632.4, 1821000, 85
18.220322, 1211179.1, 1822000, 85
18.230322, 1211718.2, 1823000, 84
18.240322, 1212267.6, 1824000, 130
18.250322, 1212761.4, 1825000, 86
18.260323, 1213255.1, 1826000, 86
18.270323, 1213753.6, 1827000, 85
18.280323, 1214328.0, 1828000, 86
18.290323, 1214847.6, 1829000, 129
18.300323, 1215408.8, 1830000, 86
18.310324, 1215951.0, 1831000, 86
18.320324, 1216494.4, 1832000, 85
18.330324, 1217011.5, 1833000, 88
18.340324, 1217578.9, 1834000, 130
18.350325, 1218072.5, 1835000, 88
18.360325, 1218589.2, 1836000, 91
18.370325, 1219114.2, 1837000, 86
18.380325, 1219648.6, 1838000, 87
18.390326, 1220177.0, 1839000, 87
18.400326, 1220715.2, 1840000, 88
18.410326, 1221251.0, 1841000, 85
18.420326, 1221792.8, 1842000, 87
18.430326, 1222332.9, 1843000, 88
18.440327, 1222870.5, 1844000, 86
18.450327, 1223403.2, 1845000, 88
18.460327, 1223926.0, 1846000, 88
18.470327, 1224460.9, 1847000, 88
18.480328, 1224982.1, 1848000, 131
18.490328, 1225515.4, 1849000, 86
18.500328, 1226052.2, 1850000, 90
18.510328, 1226580.6, 1851000, 89
18.520329, 1227123.5, 1852000, 90
18.530329, 1227652.9, 1853000, 91
18.540329, 1228180.9, 1854000, 91
18.55033, 1228719.8, 1855000, 91
18.56033, 1229258.1, 1856000, 92
18.57033, 1229792.1, 1857000, 132
18.58033, 1230327.1, 1858000, 90
18.59033, 1230863.2, 1859000, 89
18.60033, 1231390.0, 1860000, 91
18.61033, 1231918.0, 1861000, 90
18.62033, 1232448.0, 1862000, 132
18.630331, 1232981.4, 1863000, 87
18.640331, 1233519.4, 1864000, 89
18.650331, 1234048.1, 1865000, 90
18.660332, 1234578.6, 1866000, 130
18.670332, 1235104.0, 1867000, 90
18.680332, 1235627.6, 1868000, 89
18.690332, 1236163.9, 1869000, 90
18.700333, 1236693.6, 1870000, 90
18.710333, 1237219.0, 1871000, 135
18.720333, 1237744.0, 1872000, 89
18.730333, 1238261.8, 1873000, 90
18.740334, 1238778.2, 1874000, 90
18.750334, 1239285.5, 1875000, 143
18.760334, 1239812.8, 1876000, 92
18.770334, 1240341.6, 1877000, 90
18.780334, 1240870.2, 1878000, 92
18.790335, 1241393.9, 1879000, 99
18.800335, 1241923.8, 1880000, 137
18.810335, 1242449.6, 1881000, 91
18.820335, 1242982.4, 1882000, 91
18.830336, 1243504.9, 1883000, 91
18.840336, 1244031.1, 1884000, 91
18.850336, 1244555.6, 1885000, 134
18.860336, 1245084.0, 1886000, 91
18.870337, 1245617.2, 1887000, 90
18.880337, 1246150.8, 1888000, 90
18.890337, 1246684.0, 1889000, 89
18.900337, 1247216.5, 1890000, 91
18.910337, 1247744.8, 1891000, 89
18.920338, 1248265.4, 1892000, 88
18.930338, 1248794.2, 1893000, 90
18.940338, 1249326.6, 1894000, 91
18.950338, 1249858.8, 1895000, 89
18.960339, 1250387.9, 1896000, 89
18.970339, 1250923.2, 1897000, 89
18.98034, 1251457.1, 1898000, 90
18.99034, 1251988.1, 1899000, 134
19.00034, 1252516.2, 1900000, 91
19.01034, 1253047.5, 1901000, 90
19.02034, 1253579.8, 1902000, 91
19.03034, 1254103.8, 1903000, 90
19.04034, 1254632.6, 1904000, 135
19.05034, 1255161.1, 1905000, 90
19.06034, 1255694.8, 1906000, 91
19.070341, 1256223.2, 1907000, 91
19.080341, 1256759.2, 1908000, 89
19.090342, 1257291.1, 1909000, 90
19.100342, 1257818.9, 1910000, 91
19.110342, 1258349.2, 1911000, 91
19.120342, 1258875.1, 1912000, 90
19.130342, 1259398.1, 1913000, 135
19.140343, 1259928.1, 1914000, 91
19.150343, 1260454.5, 1915000, 90
19.160343, 1260989.2, 1916000, 91
19.170343, 1261524.1, 1917000, 93
19.180344, 1262066.2, 1918000, 142
19.190344, 1262595.2, 1919000, 89
19.200344, 1263133.9, 1920000, 91
19.210344, 1263674.5, 1921000, 90
19.220345, 1264203.2, 1922000, 136
19.230345, 1264741.1, 1923000, 90
19.240345, 1265268.5, 1924000, 90
19.250345, 1265810.1, 1925000, 92
19.260345, 1266348.0, 1926000, 92
19.270346, 1266884.0, 1927000, 135
19.280346, 1267419.4, 1928000, 92
19.290346, 1267964.1, 1929000, 90
19.300346, 1268501.8, 1930000, 91
19.310347, 1269042.0, 1931000, 92
19.320347, 1269582.8, 1932000, 93
19.330347, 1270124.2, 1933000, 90
19.340347, 1270666.9, 1934000, 89
19.350348, 1271205.9, 1935000, 89
19.360348, 1271738.0, 1936000, 136
19.370348, 1272280.8, 1937000, 91
19.380348, 1272834.2, 1938000, 104
19.390348, 1273376.0, 1939000, 93
